Season,Competition,MatchDate,HomeClub,AwayClub,PlayerName,ClubName,Position,Started,MinutesPlayed,Goals,Assists,PenaltyGoals,PenaltyAttempts,Shots,ShotsOnTarget,YellowCards,RedCards,FoulsCommitted,FoulsDrawn,Offsides,Crosses,TacklesWon,Interceptions,OwnGoals,PenaltyWon,PenaltyConceded,ShotsFaced,Saves,PenaltyFaced,PenaltySaved,Rating,KeyPasses,PassesCompleted,PassAttempted,DribblesAttempted,DribbleSuccess
2025/26,Premier League,2025-08-15,Liverpool,Bournemouth,Antoine Semenyo,Bournemouth,FW,TRUE,90,2,0,0,0,3,2,0,0,2,1,0,0,1,1,0,0,0,0,0,0,0,8.7,0,7,15,3,1
2025/26,Premier League,2025-08-23,Bournemouth,Wolves,Antoine Semenyo,Bournemouth,FW,TRUE,90,0,1,0,0,4,1,0,0,2,0,0,2,0,0,0,0,0,0,0,0,0,6,3,28,32,2,1
2025/26,Premier League,2025-08-30,Tottenham,Bournemouth,Antoine Semenyo,Bournemouth,FW,TRUE,90,0,0,0,0,3,1,1,0,2,1,2,1,1,0,0,0,0,0,0,0,0,6.9,2,18,27,5,4
2025/26,Premier League,2025-09-13,Bournemouth,Brighton,Antoine Semenyo,Bournemouth,FW,TRUE,90,1,1,1,1,2,1,0,0,2,0,0,0,3,0,0,0,0,0,0,0,0,8.3,2,22,30,3,3
2025/26,Premier League,2025-09-21,Bournemouth,Newcastle,Antoine Semenyo,Bournemouth,FW,TRUE,90,0,0,0,0,1,0,0,0,1,1,1,1,2,0,0,0,0,0,0,0,0,6.7,1,16,21,3,2
2025/26,Premier League,2025-09-27,Leeds United,Bournemouth,Antoine Semenyo,Bournemouth,FW,TRUE,90,1,0,0,0,1,1,0,0,5,0,1,1,1,0,0,0,0,0,0,0,0,7.2,1,19,23,6,3
2025/26,Premier League,2025-10-03,Bournemouth,Fulham,Antoine Semenyo,Bournemouth,FW,TRUE,90,2,1,0,0,3,3,0,0,0,1,0,4,1,0,0,0,0,0,0,0,0,9.5,1,27,35,2,1
2025/26,Premier League,2025-10-18,Crystal Palace,Bournemouth,Antoine Semenyo,Bournemouth,FW,TRUE,90,0,0,0,0,2,1,1,0,5,0,1,1,0,0,0,0,0,0,0,0,0,6.8,0,18,25,3,3
2025/26,Premier League,2025-10-26,Bournemouth,Nottingham,Antoine Semenyo,Bournemouth,FW,TRUE,89,0,0,0,0,1,1,0,0,2,1,1,0,1,0,0,0,0,0,0,0,0,7.4,1,26,32,4,2
2025/26,Premier League,2025-11-02,Manchester City,Bournemouth,Antoine Semenyo,Bournemouth,FW,TRUE,90,0,0,0,0,2,2,0,0,2,0,0,3,0,0,0,0,0,0,0,0,0,6.4,2,25,28,4,1
2025/26,Premier League,2025-11-09,Aston Villa,Bournemouth,Antoine Semenyo,Bournemouth,FW,TRUE,90,0,0,0,1,1,1,0,0,0,2,1,1,1,1,0,0,0,0,0,0,0,5.4,0,12,15,5,0
2025/26,Premier League,2025-11-29,Sunderland,Bournemouth,Antoine Semenyo,Bournemouth,FW,TRUE,90,0,0,0,0,3,0,1,0,3,1,0,4,1,0,0,0,0,0,0,0,0,7,1,21,27,2,0
2025/26,Premier League,2025-12-02,Bournemouth,Everton,Antoine Semenyo,Bournemouth,FW,TRUE,90,0,0,0,0,3,2,0,0,0,1,0,0,3,0,0,0,0,0,0,0,0,7.2,0,25,29,6,2
2025/26,Premier League,2025-12-06,Bournemouth,Chelsea,Antoine Semenyo,Bournemouth,FW,TRUE,90,0,0,0,0,5,3,0,0,2,2,0,1,2,2,0,0,0,0,0,0,0,7,3,13,16,3,0
2025/26,Premier League,2025-12-15,Manchester Utd,Bournemouth,Antoine Semenyo,Bournemouth,FW,TRUE,90,1,0,0,0,1,1,1,0,2,1,1,1,0,0,0,0,0,0,0,0,0,7.5,2,13,22,2,1
2025/26,Premier League,2025-12-20,Bournemouth,Burnley,Antoine Semenyo,Bournemouth,FW,TRUE,90,1,0,0,0,3,1,0,0,0,0,1,1,0,0,0,0,0,0,0,0,0,8.5,3,28,35,1,1
2025/26,Premier League,2025-12-27,Brentford,Bournemouth,Antoine Semenyo,Bournemouth,FW,TRUE,90,1,0,0,0,5,4,0,0,1,0,1,1,1,0,0,0,0,0,0,0,0,7.6,1,22,30,3,3
2025/26,Premier League,2025-12-30,Chelsea,Bournemouth,Antoine Semenyo,Bournemouth,FW,TRUE,90,0,0,0,0,2,1,0,0,2,0,1,2,0,1,0,0,0,0,0,0,0,5.4,0,14,24,4,2
2025/26,Premier League,2026-01-03,Bournemouth,Arsenal,Antoine Semenyo,Bournemouth,FW,TRUE,90,0,0,0,0,2,0,1,0,2,1,0,2,2,0,0,0,0,0,0,0,0,6.1,1,16,23,2,1
2025/26,Premier League,2026-01-07,Bournemouth,Tottenham,Antoine Semenyo,Bournemouth,FW,TRUE,89,1,0,0,0,2,1,1,0,2,1,1,2,0,1,0,0,0,0,0,0,0,7,0,20,27,3,2
2025/26,Premier League,2025-08-17,Chelsea,Crystal Palace,Marc Guehi,Crystal Palace,DF,TRUE,90,0,0,0,0,0,0,0,0,1,0,0,0,1,0,0,0,0,0,0,0,0,7,1,16,20,0,0
2025/26,Premier League,2025-08-24,Crystal Palace,Nottingham,Marc Guehi,Crystal Palace,DF,TRUE,90,0,0,0,0,1,0,0,0,0,1,0,0,0,1,0,0,0,0,0,0,0,6.9,0,49,60,0,0
2025/26,Premier League,2025-08-31,Aston Villa,Crystal Palace,Marc Guehi,Crystal Palace,DF,TRUE,90,1,0,0,0,1,1,0,0,0,1,0,0,3,1,0,0,0,0,0,0,0,8.7,0,50,56,0,0
2025/26,Premier League,2025-09-13,Crystal Palace,Sunderland,Marc Guehi,Crystal Palace,DF,TRUE,90,0,0,0,0,1,0,0,0,0,0,0,0,0,2,0,0,0,0,0,0,0,7,1,75,85,0,0
2025/26,Premier League,2025-09-20,West Ham,Crystal Palace,Marc Guehi,Crystal Palace,DF,TRUE,90,0,0,0,0,1,0,0,0,0,4,0,1,4,2,0,0,0,0,0,0,0,7.2,0,38,44,0,0
2025/26,Premier League,2025-09-27,Crystal Palace,Liverpool,Marc Guehi,Crystal Palace,DF,TRUE,90,0,1,0,0,0,0,0,0,0,0,0,0,1,1,0,0,0,0,0,0,0,7.1,1,19,21,0,0
2025/26,Premier League,2025-10-05,Everton,Crystal Palace,Marc Guehi,Crystal Palace,DF,TRUE,90,0,0,0,0,1,1,0,0,2,2,0,1,2,1,0,0,0,0,0,0,0,7.7,0,48,90,1,0
2025/26,Premier League,2025-10-18,Crystal Palace,Bournemouth,Marc Guehi,Crystal Palace,DF,TRUE,90,0,0,0,0,1,0,0,0,0,1,0,0,0,1,0,0,0,0,0,0,0,7.3,3,42,48,0,0
2025/26,Premier League,2025-10-26,Arsenal,Crystal Palace,Marc Guehi,Crystal Palace,DF,TRUE,90,0,0,0,0,2,0,0,0,1,0,0,0,1,1,0,0,0,0,0,0,0,7.2,0,47,57,0,0
2025/26,Premier League,2025-11-01,Crystal Palace,Brentford,Marc Guehi,Crystal Palace,DF,TRUE,90,0,0,0,0,0,0,0,0,3,4,0,1,3,3,0,0,0,0,0,0,0,7.4,1,25,31,0,0
2025/26,Premier League,2025-11-22,Wolves,Crystal Palace,Marc Guehi,Crystal Palace,DF,TRUE,90,0,0,0,0,0,0,1,0,2,0,0,0,0,1,0,0,0,0,0,0,0,7.3,0,57,61,2,1
2025/26,Premier League,2025-11-30,Crystal Palace,Manchester Utd,Marc Guehi,Crystal Palace,DF,TRUE,90,0,0,0,0,0,0,1,0,2,2,0,1,0,1,0,0,0,0,0,0,0,6.1,1,34,41,0,0
2025/26,Premier League,2025-12-03,Burnley,Crystal Palace,Marc Guehi,Crystal Palace,DF,TRUE,90,0,1,0,0,0,0,0,0,0,0,0,2,1,1,0,0,0,0,0,0,0,8.8,1,54,66,0,0
2025/26,Premier League,2025-12-07,Fulham,Crystal Palace,Marc Guehi,Crystal Palace,DF,TRUE,90,1,0,0,0,1,1,0,0,1,0,0,0,2,1,0,0,0,0,0,0,0,7.9,0,44,49,0,0
2025/26,Premier League,2025-12-14,Crystal Palace,Manchester City,Marc Guehi,Crystal Palace,DF,TRUE,90,0,0,0,0,1,0,0,0,0,0,0,1,0,0,0,0,0,0,0,0,0,6.1,0,33,41,1,0
2025/26,Premier League,2025-12-20,Leeds United,Crystal Palace,Marc Guehi,Crystal Palace,DF,TRUE,90,0,0,0,0,0,0,1,0,1,1,0,1,0,2,0,0,0,0,0,0,0,6.3,0,40,50,0,0
2025/26,Premier League,2025-12-28,Crystal Palace,Tottenham,Marc Guehi,Crystal Palace,DF,TRUE,90,0,0,0,0,1,0,0,0,0,1,0,1,1,1,0,0,0,0,0,0,0,7.1,0,72,82,0,0
2025/26,Premier League,2026-01-01,Crystal Palace,Fulham,Marc Guehi,Crystal Palace,DF,TRUE,90,0,0,0,0,2,1,0,0,0,1,0,0,0,0,0,0,0,0,0,0,0,7.1,0,47,58,1,1
2025/26,Premier League,2026-01-04,Newcastle,Crystal Palace,Marc Guehi,Crystal Palace,DF,TRUE,90,0,0,0,0,2,0,1,0,1,0,0,0,0,4,0,0,0,0,0,0,0,5.8,0,37,49,0,0
2025/26,Premier League,2026-01-07,Crystal Palace,Aston Villa,Marc Guehi,Crystal Palace,DF,TRUE,90,0,0,0,0,0,0,0,0,0,0,0,1,0,0,0,0,0,0,0,0,0,7.8,0,51,55,0,0
2025/26,Premier League,2026-05-24,Manchester City,Aston Villa,James Trafford,Manchester City,GK,TRUE,90,0,0,0,0,0,0,0,0,0,0,0,0,0,0,0,0,0,5,3,0,0,6.5,0,10,11,0,0
2025/26,Premier League,2025-08-16,Wolves,Manchester City,Abdukodir Khusanov,Manchester City,DF,FALSE,9,0,0,0,0,0,0,0,0,0,1,0,0,1,0,0,0,0,0,0,0,0,7,0,4,4,1,1
2025/26,Premier League,2025-08-16,Wolves,Manchester City,Bernardo Silva,Manchester City,MF,TRUE,65,0,0,0,0,0,0,0,0,1,0,0,9,2,0,0,0,0,0,0,0,0,7.3,4,33,34,1,0
2025/26,Premier League,2025-08-16,Wolves,Manchester City,Erling Haaland,Manchester City,FW,TRUE,72,2,0,0,0,6,2,0,0,1,0,0,0,0,0,0,0,0,0,0,0,0,8.5,0,2,4,1,0
2025/26,Premier League,2025-08-16,Wolves,Manchester City,James Trafford,Manchester City,GK,TRUE,90,0,0,0,0,0,0,0,0,0,0,0,0,0,0,0,0,0,3,3,0,0,7.4,0,19,28,0,0
2025/26,Premier League,2025-08-16,Wolves,Manchester City,Jeremy Doku,Manchester City,FW,TRUE,65,0,0,0,0,0,0,0,0,1,1,0,3,0,0,0,0,0,0,0,0,0,6.3,0,18,19,3,1
2025/26,Premier League,2025-08-16,Wolves,Manchester City,Matheus Nunes,Manchester City,DF,FALSE,25,0,0,0,0,0,0,0,0,0,1,0,0,1,0,0,0,0,0,0,0,0,6.6,0,15,16,0,0
2025/26,Premier League,2025-08-16,Wolves,Manchester City,Nico O Reilly,Manchester City,DF,FALSE,25,0,0,0,0,0,0,1,0,0,0,0,0,0,0,0,0,0,0,0,0,0,6.4,0,18,18,0,0
2025/26,Premier League,2025-08-16,Wolves,Manchester City,Nicolas Gonzalez,Manchester City,MF,TRUE,90,0,0,0,0,2,0,0,0,1,3,0,0,2,1,0,0,0,0,0,0,0,7.7,0,72,78,4,4
2025/26,Premier League,2025-08-16,Wolves,Manchester City,Omar Marmoush,Manchester City,FW,FALSE,25,0,0,0,0,1,0,0,0,0,2,0,0,0,0,0,0,0,0,0,0,0,6.9,0,5,6,1,0
2025/26,Premier League,2025-08-16,Wolves,Manchester City,Rayan Ait-Nouri,Manchester City,DF,TRUE,90,0,0,0,0,2,0,0,0,0,0,0,1,4,3,0,0,0,0,0,0,0,7.6,1,53,60,3,1
2025/26,Premier League,2025-08-16,Wolves,Manchester City,Rayan Cherki,Manchester City,MF,FALSE,18,1,0,0,0,1,1,0,0,0,0,0,0,0,1,0,0,0,0,0,0,0,7.7,0,18,20,0,0
2025/26,Premier League,2025-08-16,Wolves,Manchester City,Ruben Dias,Manchester City,DF,TRUE,90,0,0,0,0,0,0,0,0,0,0,0,0,0,1,0,0,0,0,0,0,0,7.4,0,71,79,1,1
2025/26,Premier League,2025-08-16,Wolves,Manchester City,Tijjani Reijnders,Manchester City,MF,TRUE,90,1,1,0,0,3,1,1,0,3,2,0,3,0,0,0,0,0,0,0,0,0,7.8,2,52,57,3,1
2025/26,Premier League,2025-08-23,Manchester City,Tottenham,Bernardo Silva,Manchester City,MF,FALSE,37,0,0,0,0,0,0,0,0,0,0,0,1,0,1,0,0,0,0,0,0,0,6.1,0,17,19,0,0
2025/26,Premier League,2025-08-23,Manchester City,Tottenham,Erling Haaland,Manchester City,FW,TRUE,90,0,0,0,0,1,0,0,0,1,0,0,0,0,0,0,0,0,0,0,0,0,6.4,1,10,14,1,1
2025/26,Premier League,2025-08-23,Manchester City,Tottenham,James Trafford,Manchester City,GK,TRUE,90,0,0,0,0,0,0,0,0,0,1,0,0,1,0,0,0,0,5,3,0,0,6.3,0,26,37,0,0
2025/26,Premier League,2025-08-23,Manchester City,Tottenham,Jeremy Doku,Manchester City,FW,FALSE,37,0,0,0,0,0,0,0,0,1,0,0,1,0,0,0,0,0,0,0,0,0,6.6,1,11,12,2,1
2025/26,Premier League,2025-08-23,Manchester City,Tottenham,Nathan Ake,Manchester City,DF,TRUE,68,0,0,0,0,1,0,0,0,0,2,0,2,1,1,0,0,0,0,0,0,0,6.3,0,27,32,1,0
2025/26,Premier League,2025-08-23,Manchester City,Tottenham,Nicolas Gonzalez,Manchester City,MF,TRUE,74,0,0,0,0,0,0,1,0,1,1,0,0,3,0,0,0,0,0,0,0,0,7,0,51,55,1,1
2025/26,Premier League,2025-08-23,Manchester City,Tottenham,Omar Marmoush,Manchester City,FW,TRUE,53,0,0,0,0,3,2,0,0,0,1,0,2,1,0,0,0,0,0,0,0,0,6.6,0,11,14,1,1
2025/26,Premier League,2025-08-23,Manchester City,Tottenham,Phil Foden,Manchester City,MF,FALSE,16,0,0,0,0,2,1,0,0,0,1,0,5,0,0,0,0,0,0,0,0,0,6.6,1,8,11,0,0
2025/26,Premier League,2025-08-23,Manchester City,Tottenham,Rayan Ait-Nouri,Manchester City,DF,FALSE,22,0,0,0,0,0,0,0,0,0,0,0,0,0,0,0,0,0,0,0,0,0,6.6,0,7,7,0,0
2025/26,Premier League,2025-08-23,Manchester City,Tottenham,Rayan Cherki,Manchester City,MF,TRUE,53,0,0,0,0,0,0,0,0,1,0,0,2,1,1,0,0,0,0,0,0,0,7.2,1,34,42,3,1
2025/26,Premier League,2025-08-23,Manchester City,Tottenham,Rodri,Manchester City,MF,FALSE,16,0,0,0,0,1,1,0,0,1,1,0,0,0,0,0,0,0,0,0,0,0,6.9,1,15,17,1,1
2025/26,Premier League,2025-08-23,Manchester City,Tottenham,Ruben Dias,Manchester City,DF,TRUE,90,0,0,0,0,0,0,0,0,0,0,0,0,0,1,0,0,0,0,0,0,0,6.3,0,59,64,1,0
2025/26,Premier League,2025-08-23,Manchester City,Tottenham,Tijjani Reijnders,Manchester City,MF,TRUE,90,0,0,0,0,1,0,0,0,0,1,0,3,0,0,0,0,0,0,0,0,0,6.7,0,35,40,0,0
2025/26,Premier League,2025-08-31,Brighton,Manchester City,Abdukodir Khusanov,Manchester City,DF,TRUE,84,0,0,0,0,0,0,1,0,1,2,0,0,2,1,0,0,0,0,0,0,0,6.7,0,59,67,0,0
2025/26,Premier League,2025-08-31,Brighton,Manchester City,Bernardo Silva,Manchester City,MF,TRUE,71,0,0,0,0,0,0,0,0,3,1,0,0,0,1,0,0,0,0,0,0,0,6.3,0,44,52,0,0
2025/26,Premier League,2025-08-31,Brighton,Manchester City,Erling Haaland,Manchester City,FW,TRUE,90,1,0,0,0,7,3,0,0,1,1,0,0,0,0,0,0,0,0,0,0,0,7.2,0,6,9,0,0
2025/26,Premier League,2025-08-31,Brighton,Manchester City,James Trafford,Manchester City,GK,TRUE,90,0,0,0,0,0,0,0,0,0,0,0,0,0,0,0,0,0,7,5,1,0,8.5,0,32,42,1,1
2025/26,Premier League,2025-08-31,Brighton,Manchester City,Jeremy Doku,Manchester City,FW,FALSE,19,0,0,0,0,0,0,0,0,1,0,0,0,0,0,0,0,0,0,0,0,0,6.5,2,7,7,2,1
2025/26,Premier League,2025-08-31,Brighton,Manchester City,Matheus Nunes,Manchester City,DF,TRUE,84,0,0,0,0,0,0,0,0,1,0,0,0,0,1,0,0,0,0,0,0,0,6.7,0,42,48,1,1
2025/26,Premier League,2025-08-31,Brighton,Manchester City,Nico O Reilly,Manchester City,DF,FALSE,19,0,0,0,0,1,0,0,0,0,0,0,0,0,0,0,0,0,0,0,0,0,6.7,0,8,9,2,1
2025/26,Premier League,2025-08-31,Brighton,Manchester City,Omar Marmoush,Manchester City,FW,TRUE,71,0,1,0,0,1,0,0,0,1,2,0,1,2,1,0,0,0,0,0,0,0,7.9,2,23,27,5,4
2025/26,Premier League,2025-08-31,Brighton,Manchester City,Rayan Ait-Nouri,Manchester City,DF,TRUE,90,0,0,0,0,0,0,1,0,4,1,0,1,2,2,0,0,0,0,0,0,0,6.1,1,26,33,3,0
2025/26,Premier League,2025-08-31,Brighton,Manchester City,Rodri,Manchester City,MF,TRUE,90,0,0,0,0,1,0,0,0,0,2,0,0,0,1,0,0,0,0,0,0,0,7.5,1,87,100,2,1
2025/26,Premier League,2025-08-31,Brighton,Manchester City,Ruben Dias,Manchester City,DF,FALSE,6,0,0,0,0,0,0,0,0,0,0,0,0,0,0,0,0,0,0,0,0,0,6.3,0,4,4,0,0
2025/26,Premier League,2025-08-31,Brighton,Manchester City,Tijjani Reijnders,Manchester City,MF,TRUE,90,0,0,0,0,1,0,0,0,0,2,0,3,1,0,0,0,0,0,0,0,0,6.6,2,54,60,3,2
2025/26,Premier League,2025-09-14,Manchester City,Manchester Utd,Abdukodir Khusanov,Manchester City,DF,TRUE,90,0,0,0,0,0,0,0,0,2,0,0,0,1,4,0,0,0,0,0,0,0,7.4,0,32,41,1,1
2025/26,Premier League,2025-09-14,Manchester City,Manchester Utd,Bernardo Silva,Manchester City,MF,TRUE,87,0,1,0,0,1,0,0,0,2,1,0,1,1,0,0,0,0,0,0,0,0,6.9,2,18,20,5,0
2025/26,Premier League,2025-09-14,Manchester City,Manchester Utd,Erling Haaland,Manchester City,FW,TRUE,86,2,0,0,0,5,3,0,0,0,0,0,0,0,0,0,0,0,0,0,0,0,9.4,1,11,14,3,2
2025/26,Premier League,2025-09-14,Manchester City,Manchester Utd,Gianluigi Donnarumma,Manchester City,GK,TRUE,90,0,0,0,0,0,0,0,0,0,0,0,0,0,0,0,0,0,2,2,0,0,7,0,17,30,0,0
2025/26,Premier League,2025-09-14,Manchester City,Manchester Utd,Jeremy Doku,Manchester City,FW,TRUE,76,0,2,0,0,0,0,0,0,0,4,1,0,0,1,0,0,0,0,0,0,0,8.3,4,20,24,6,2
2025/26,Premier League,2025-09-14,Manchester City,Manchester Utd,Josko Gvardiol,Manchester City,DF,TRUE,90,0,0,0,0,0,0,0,0,1,0,0,0,0,0,0,0,0,0,0,0,0,6.8,0,50,56,0,0
2025/26,Premier League,2025-09-14,Manchester City,Manchester Utd,Nico O Reilly,Manchester City,DF,TRUE,90,0,0,0,0,1,0,0,0,1,0,0,0,3,1,0,0,0,0,0,0,0,7,0,27,38,1,0
2025/26,Premier League,2025-09-14,Manchester City,Manchester Utd,Nicolas Gonzalez,Manchester City,MF,FALSE,15,0,0,0,0,0,0,0,0,0,0,0,0,0,0,0,0,0,0,0,0,0,6.8,0,5,6,0,0
2025/26,Premier League,2025-09-14,Manchester City,Manchester Utd,Phil Foden,Manchester City,MF,TRUE,90,1,0,0,0,2,1,0,0,0,0,0,1,1,1,0,0,0,0,0,0,0,7.6,1,46,54,3,1
2025/26,Premier League,2025-09-14,Manchester City,Manchester Utd,Rodri,Manchester City,MF,TRUE,75,0,0,0,0,0,0,0,0,0,1,0,0,0,0,0,0,0,0,0,0,0,7,0,47,57,0,0
2025/26,Premier League,2025-09-14,Manchester City,Manchester Utd,Ruben Dias,Manchester City,DF,TRUE,90,0,0,0,0,0,0,0,0,2,0,0,0,0,0,0,0,0,0,0,0,0,7,0,44,49,0,0
2025/26,Premier League,2025-09-14,Manchester City,Manchester Utd,Savio,Manchester City,FW,FALSE,14,0,0,0,0,1,1,0,0,0,0,0,0,0,2,0,0,0,0,0,0,0,6.6,0,2,2,0,0
2025/26,Premier League,2025-09-14,Manchester City,Manchester Utd,Tijjani Reijnders,Manchester City,MF,TRUE,90,0,0,0,0,3,1,0,0,0,1,1,0,0,0,0,0,0,0,0,0,0,6.9,1,30,35,2,0
2025/26,Premier League,2025-09-21,Arsenal,Manchester City,Abdukodir Khusanov,Manchester City,DF,TRUE,45,0,0,0,0,0,0,0,0,0,0,0,0,0,0,0,0,0,0,0,0,0,6.8,0,14,17,1,0
2025/26,Premier League,2025-09-21,Arsenal,Manchester City,Bernardo Silva,Manchester City,MF,TRUE,90,0,0,0,0,0,0,1,0,1,3,0,1,1,1,0,0,0,0,0,0,0,6.7,1,26,31,1,0
2025/26,Premier League,2025-09-21,Arsenal,Manchester City,Erling Haaland,Manchester City,FW,TRUE,75,1,0,0,0,2,2,0,0,3,1,0,0,0,0,0,0,0,0,0,0,0,7.6,0,8,14,0,0
2025/26,Premier League,2025-09-21,Arsenal,Manchester City,Gianluigi Donnarumma,Manchester City,GK,TRUE,90,0,0,0,0,0,0,1,0,0,0,0,0,0,0,0,0,0,3,2,0,0,6.3,0,14,27,0,0
2025/26,Premier League,2025-09-21,Arsenal,Manchester City,Jeremy Doku,Manchester City,FW,TRUE,86,0,0,0,0,1,0,0,0,0,3,1,0,3,0,0,0,0,0,0,0,0,7.1,2,16,19,7,5
2025/26,Premier League,2025-09-21,Arsenal,Manchester City,Josko Gvardiol,Manchester City,DF,TRUE,90,0,0,0,0,0,0,0,0,0,0,0,0,2,2,0,0,0,0,0,0,0,7.3,0,24,33,1,1
2025/26,Premier League,2025-09-21,Arsenal,Manchester City,Matheus Nunes,Manchester City,DF,FALSE,45,0,0,0,0,0,0,0,0,0,1,0,0,1,1,0,0,0,0,0,0,0,6.6,0,7,11,0,0
2025/26,Premier League,2025-09-21,Arsenal,Manchester City,Nathan Ake,Manchester City,DF,FALSE,23,0,0,0,0,0,0,0,0,0,1,0,0,0,0,0,0,0,0,0,0,0,6.4,0,5,6,0,0
2025/26,Premier League,2025-09-21,Arsenal,Manchester City,Nico O Reilly,Manchester City,DF,TRUE,86,0,0,0,0,0,0,0,0,2,0,0,0,0,1,0,0,0,0,0,0,0,7.1,0,12,14,2,1
2025/26,Premier League,2025-09-21,Arsenal,Manchester City,Nicolas Gonzalez,Manchester City,MF,FALSE,15,0,0,0,0,0,0,0,0,1,0,0,0,0,0,0,0,0,0,0,0,0,6.3,0,6,7,2,1
2025/26,Premier League,2025-09-21,Arsenal,Manchester City,Phil Foden,Manchester City,MF,TRUE,67,0,0,0,0,0,0,0,0,1,0,0,1,2,0,0,0,0,0,0,0,0,6.7,0,15,19,2,2
2025/26,Premier League,2025-09-21,Arsenal,Manchester City,Rodri,Manchester City,MF,TRUE,90,0,0,0,0,1,0,0,0,0,1,0,0,1,0,0,0,0,0,0,0,0,7.4,0,37,42,1,1
2025/26,Premier League,2025-09-21,Arsenal,Manchester City,Ruben Dias,Manchester City,DF,TRUE,90,0,0,0,0,0,0,0,0,0,0,0,0,0,0,0,0,0,0,0,0,0,6.3,0,22,27,0,0
2025/26,Premier League,2025-09-21,Arsenal,Manchester City,Savio,Manchester City,FW,FALSE,4,0,0,0,0,0,0,0,0,1,1,1,0,0,0,0,0,0,0,0,0,0,6.4,0,3,6,1,0
2025/26,Premier League,2025-09-21,Arsenal,Manchester City,Tijjani Reijnders,Manchester City,MF,TRUE,90,0,1,0,0,1,1,0,0,1,0,0,2,0,0,0,0,0,0,0,0,0,6.8,2,20,25,2,1
2025/26,Premier League,2025-09-27,Manchester City,Burnley,Bernardo Silva,Manchester City,MF,FALSE,8,0,0,0,0,0,0,0,0,0,0,0,0,0,0,0,0,0,0,0,0,0,6.6,2,18,20,5,0
2025/26,Premier League,2025-09-27,Manchester City,Burnley,Erling Haaland,Manchester City,FW,TRUE,90,2,1,0,0,7,3,0,0,0,0,0,0,0,0,0,0,0,0,0,0,0,9.3,2,8,12,0,0
2025/26,Premier League,2025-09-27,Manchester City,Burnley,Gianluigi Donnarumma,Manchester City,GK,TRUE,90,0,0,0,0,0,0,0,0,0,0,0,0,0,0,0,0,0,2,1,0,0,6.5,0,15,17,0,0
2025/26,Premier League,2025-09-27,Manchester City,Burnley,Jeremy Doku,Manchester City,FW,TRUE,90,0,1,0,0,3,3,0,0,1,2,0,5,1,0,0,0,0,0,0,0,0,8.9,3,36,42,13,8
2025/26,Premier League,2025-09-27,Manchester City,Burnley,Josko Gvardiol,Manchester City,DF,TRUE,69,0,0,0,0,2,0,0,0,0,0,0,1,0,0,0,0,0,0,0,0,0,6.9,2,69,74,0,0
2025/26,Premier League,2025-09-27,Manchester City,Burnley,Matheus Nunes,Manchester City,DF,TRUE,90,1,0,0,0,2,1,0,0,1,0,0,1,0,0,0,0,0,0,0,0,0,7.5,0,75,86,1,0
2025/26,Premier League,2025-09-27,Manchester City,Burnley,Nathan Ake,Manchester City,DF,FALSE,21,0,0,0,0,1,0,0,0,0,0,0,0,0,0,0,0,0,0,0,0,0,6.7,1,14,16,0,0
2025/26,Premier League,2025-09-27,Manchester City,Burnley,Nico O Reilly,Manchester City,DF,TRUE,82,0,0,0,0,1,0,0,0,1,0,0,2,2,2,0,0,0,0,0,0,0,6.6,2,39,50,1,1
2025/26,Premier League,2025-09-27,Manchester City,Burnley,Nicolas Gonzalez,Manchester City,MF,TRUE,90,0,0,0,0,1,0,0,0,0,1,0,0,1,0,0,0,0,0,0,0,0,7.4,2,77,85,0,0
2025/26,Premier League,2025-09-27,Manchester City,Burnley,Phil Foden,Manchester City,MF,TRUE,90,0,0,0,0,0,0,1,0,1,1,0,11,0,0,0,0,0,0,0,0,0,6.4,3,53,63,1,1
2025/26,Premier League,2025-09-27,Manchester City,Burnley,Ruben Dias,Manchester City,DF,TRUE,90,0,0,0,0,0,0,0,0,1,1,0,0,1,1,0,0,0,0,0,0,0,6.9,0,59,64,1,0
2025/26,Premier League,2025-09-27,Manchester City,Burnley,Savio,Manchester City,FW,TRUE,61,0,0,0,0,1,0,0,0,0,2,1,1,0,0,0,0,0,0,0,0,0,6.8,0,20,22,2,1
2025/26,Premier League,2025-09-27,Manchester City,Burnley,Tijjani Reijnders,Manchester City,MF,TRUE,82,0,0,0,0,3,1,0,0,0,0,0,1,1,1,0,0,0,0,0,0,0,6.8,0,52,57,4,3
2025/26,Premier League,2025-10-05,Brentford,Manchester City,Bernardo Silva,Manchester City,MF,FALSE,15,0,0,0,0,0,0,0,0,0,0,0,0,0,0,0,0,0,0,0,0,0,6.7,0,15,17,0,0
2025/26,Premier League,2025-10-05,Brentford,Manchester City,Erling Haaland,Manchester City,FW,TRUE,90,1,0,0,0,1,1,0,0,1,1,0,0,0,0,0,0,0,0,0,0,0,7.5,0,10,16,0,0
2025/26,Premier League,2025-10-05,Brentford,Manchester City,Gianluigi Donnarumma,Manchester City,GK,TRUE,90,0,0,0,0,0,0,0,0,0,0,0,0,0,0,0,0,0,1,1,0,0,7.2,0,22,26,0,0
2025/26,Premier League,2025-10-05,Brentford,Manchester City,Jeremy Doku,Manchester City,FW,FALSE,15,0,0,0,0,0,0,0,0,1,0,0,0,0,0,0,0,0,0,0,0,0,6.3,0,2,3,0,0
2025/26,Premier League,2025-10-05,Brentford,Manchester City,Josko Gvardiol,Manchester City,DF,TRUE,90,0,1,0,0,1,1,0,0,0,1,0,0,1,2,0,0,0,0,0,0,0,7.6,1,96,101,3,0
2025/26,Premier League,2025-10-05,Brentford,Manchester City,Matheus Nunes,Manchester City,DF,TRUE,90,0,0,0,0,0,0,1,0,1,1,0,2,1,0,0,0,0,0,0,0,0,7.2,0,91,101,3,2
2025/26,Premier League,2025-10-05,Brentford,Manchester City,Nico O Reilly,Manchester City,DF,TRUE,90,0,0,0,0,0,0,1,0,0,0,0,1,2,0,0,0,0,0,0,0,0,6.7,2,81,87,2,0
2025/26,Premier League,2025-10-05,Brentford,Manchester City,Nicolas Gonzalez,Manchester City,MF,TRUE,69,0,0,0,0,0,0,0,0,1,1,0,0,4,1,0,0,0,0,0,0,0,7,0,51,60,0,0
2025/26,Premier League,2025-10-05,Brentford,Manchester City,Phil Foden,Manchester City,MF,TRUE,90,0,0,0,0,5,1,0,0,1,1,0,2,1,1,0,0,0,0,0,0,0,6.6,2,64,69,0,0
2025/26,Premier League,2025-10-05,Brentford,Manchester City,Rodri,Manchester City,MF,FALSE,21,0,0,0,0,0,0,0,0,0,0,0,0,0,0,0,0,0,0,0,0,0,6.7,0,23,25,0,0
2025/26,Premier League,2025-10-05,Brentford,Manchester City,Ruben Dias,Manchester City,DF,TRUE,90,0,0,0,0,0,0,0,0,1,2,0,0,1,3,0,0,0,0,0,0,0,7.9,0,92,95,0,0
2025/26,Premier League,2025-10-05,Brentford,Manchester City,Savio,Manchester City,FW,TRUE,90,0,0,0,0,0,0,0,0,0,2,1,2,0,0,0,0,0,0,0,0,0,6.6,0,47,51,2,0
2025/26,Premier League,2025-10-05,Brentford,Manchester City,Tijjani Reijnders,Manchester City,MF,TRUE,75,0,0,0,0,2,1,0,0,0,0,0,2,0,0,0,0,0,0,0,0,0,7.1,1,64,68,4,4
2025/26,Premier League,2025-10-18,Manchester City,Everton,Bernardo Silva,Manchester City,MF,FALSE,32,0,0,0,0,0,0,0,0,0,0,0,0,0,0,0,0,0,0,0,0,0,7.1,1,37,41,2,2
2025/26,Premier League,2025-10-18,Manchester City,Everton,Erling Haaland,Manchester City,FW,TRUE,90,2,0,0,0,5,4,0,0,0,2,0,0,0,0,0,0,0,0,0,0,0,9.2,0,7,12,2,1
2025/26,Premier League,2025-10-18,Manchester City,Everton,Gianluigi Donnarumma,Manchester City,GK,TRUE,90,0,0,0,0,0,0,0,0,0,0,0,0,0,0,0,0,0,1,1,0,0,7,0,26,31,0,0
2025/26,Premier League,2025-10-18,Manchester City,Everton,Jeremy Doku,Manchester City,FW,TRUE,58,0,0,0,0,1,1,0,0,2,2,0,4,0,0,0,0,0,0,0,0,0,7.2,3,27,31,6,3
2025/26,Premier League,2025-10-18,Manchester City,Everton,Matheus Nunes,Manchester City,DF,TRUE,90,0,0,0,0,1,0,0,0,0,1,0,0,0,0,0,0,0,0,0,0,0,7.7,2,94,99,2,1
2025/26,Premier League,2025-10-18,Manchester City,Everton,Nathan Ake,Manchester City,DF,TRUE,90,0,0,0,0,1,0,0,0,0,1,0,0,2,0,0,0,0,0,0,0,0,8.1,0,103,110,0,0
2025/26,Premier League,2025-10-18,Manchester City,Everton,Nico O Reilly,Manchester City,DF,TRUE,84,0,1,0,0,3,0,0,0,1,2,0,2,1,1,0,0,0,0,0,0,0,6.7,1,38,46,0,0
2025/26,Premier League,2025-10-18,Manchester City,Everton,Nicolas Gonzalez,Manchester City,MF,TRUE,85,0,0,0,0,0,0,0,0,1,0,0,0,1,1,0,0,0,0,0,0,0,6.4,2,74,82,0,0
2025/26,Premier League,2025-10-18,Manchester City,Everton,Phil Foden,Manchester City,MF,TRUE,90,0,0,0,0,1,0,0,0,1,1,0,11,2,0,0,0,0,0,0,0,0,8.1,3,58,61,3,2
2025/26,Premier League,2025-10-18,Manchester City,Everton,Rayan Cherki,Manchester City,MF,FALSE,6,0,0,0,0,1,0,0,0,0,1,0,0,0,0,0,0,0,0,0,0,0,6.8,1,12,13,0,0
2025/26,Premier League,2025-10-18,Manchester City,Everton,Ruben Dias,Manchester City,DF,TRUE,90,0,0,0,0,0,0,0,0,1,0,0,0,1,1,0,0,0,0,0,0,0,7.2,0,103,107,0,0
2025/26,Premier League,2025-10-18,Manchester City,Everton,Savio,Manchester City,FW,TRUE,84,0,1,0,0,2,2,0,0,1,2,0,1,0,1,0,0,0,0,0,0,0,7.5,2,28,35,5,3
2025/26,Premier League,2025-10-18,Manchester City,Everton,Tijjani Reijnders,Manchester City,MF,TRUE,58,0,0,0,0,3,0,0,0,1,1,0,0,1,1,0,0,0,0,0,0,0,6.9,2,30,32,1,1
2025/26,Premier League,2025-10-26,Aston Villa,Manchester City,Bernardo Silva,Manchester City,MF,TRUE,60,0,0,0,0,0,0,0,0,0,1,1,0,0,1,0,0,0,0,0,0,0,6.2,1,15,19,0,0
2025/26,Premier League,2025-10-26,Aston Villa,Manchester City,Erling Haaland,Manchester City,FW,TRUE,90,0,0,0,0,3,3,0,0,0,1,0,0,0,0,0,0,0,0,0,0,0,6.7,0,7,7,1,0
2025/26,Premier League,2025-10-26,Aston Villa,Manchester City,Gianluigi Donnarumma,Manchester City,GK,TRUE,90,0,0,0,0,0,0,0,0,0,0,0,0,0,0,0,0,0,3,2,0,0,7.7,0,26,31,0,0
2025/26,Premier League,2025-10-26,Aston Villa,Manchester City,Jeremy Doku,Manchester City,FW,FALSE,30,0,0,0,0,0,0,0,0,0,2,0,4,0,1,0,0,0,0,0,0,0,7.3,1,14,18,2,1
2025/26,Premier League,2025-10-26,Aston Villa,Manchester City,Josko Gvardiol,Manchester City,DF,TRUE,90,0,0,0,0,2,0,0,0,4,0,0,1,1,1,0,0,0,0,0,0,0,6.4,0,68,73,0,0
2025/26,Premier League,2025-10-26,Aston Villa,Manchester City,Matheus Nunes,Manchester City,DF,TRUE,90,0,0,0,0,1,0,0,0,0,1,0,1,2,4,0,0,0,0,0,0,0,6.8,0,83,89,1,1
2025/26,Premier League,2025-10-26,Aston Villa,Manchester City,Nico O Reilly,Manchester City,DF,FALSE,30,0,0,0,0,1,0,0,0,1,0,0,0,1,0,0,0,0,0,0,0,0,6.4,1,8,9,3,0
2025/26,Premier League,2025-10-26,Aston Villa,Manchester City,Nicolas Gonzalez,Manchester City,MF,FALSE,30,0,0,0,0,2,0,1,0,2,0,0,0,2,0,0,0,0,0,0,0,0,6.9,0,24,27,0,0
2025/26,Premier League,2025-10-26,Aston Villa,Manchester City,Omar Marmoush,Manchester City,FW,FALSE,7,0,0,0,0,0,0,0,0,0,0,1,0,0,0,0,0,0,0,0,0,0,6.5,0,1,1,0,0
2025/26,Premier League,2025-10-26,Aston Villa,Manchester City,Phil Foden,Manchester City,MF,TRUE,90,0,0,0,0,2,0,1,0,1,2,0,9,1,0,0,0,0,0,0,0,0,6.9,7,41,47,2,2
2025/26,Premier League,2025-10-26,Aston Villa,Manchester City,Rayan Cherki,Manchester City,MF,FALSE,15,0,0,0,0,1,0,0,0,0,1,0,1,0,0,0,0,0,0,0,0,0,6.7,1,8,9,0,0
2025/26,Premier League,2025-10-26,Aston Villa,Manchester City,Ruben Dias,Manchester City,DF,TRUE,90,0,0,0,0,2,0,0,0,1,0,0,0,0,2,0,0,0,0,0,0,0,7.8,1,71,74,0,0
2025/26,Premier League,2025-10-26,Aston Villa,Manchester City,Savio,Manchester City,FW,TRUE,83,0,0,0,0,2,1,1,0,2,0,0,5,0,0,0,0,0,0,0,0,0,6.2,0,22,31,4,1
2025/26,Premier League,2025-10-26,Aston Villa,Manchester City,Tijjani Reijnders,Manchester City,MF,TRUE,75,0,0,0,0,2,0,1,0,4,0,1,0,0,0,0,0,0,0,0,0,0,6.1,0,37,39,1,0
2025/26,Premier League,2025-11-02,Manchester City,Bournemouth,Bernardo Silva,Manchester City,MF,TRUE,89,0,0,0,0,0,0,0,0,2,0,0,2,1,1,0,0,0,0,0,0,0,6.5,0,61,69,1,0
2025/26,Premier League,2025-11-02,Manchester City,Bournemouth,Erling Haaland,Manchester City,FW,TRUE,81,2,0,0,0,6,4,0,0,0,0,0,0,0,0,0,0,0,0,0,0,0,9.3,0,8,13,2,2
2025/26,Premier League,2025-11-02,Manchester City,Bournemouth,Gianluigi Donnarumma,Manchester City,GK,TRUE,90,0,0,0,0,0,0,1,0,0,1,0,0,0,0,0,0,0,5,4,0,0,6.2,0,20,26,0,0
2025/26,Premier League,2025-11-02,Manchester City,Bournemouth,Jeremy Doku,Manchester City,FW,TRUE,72,0,0,0,0,0,0,0,0,2,0,0,0,0,1,0,0,0,0,0,0,0,7.2,4,25,27,9,5
2025/26,Premier League,2025-11-02,Manchester City,Bournemouth,Josko Gvardiol,Manchester City,DF,TRUE,90,0,0,0,0,0,0,0,0,1,2,0,0,1,0,0,0,0,0,0,0,0,6.7,0,32,36,0,0
2025/26,Premier League,2025-11-02,Manchester City,Bournemouth,Matheus Nunes,Manchester City,DF,TRUE,90,0,0,0,0,0,0,0,0,0,3,0,0,1,1,0,0,0,0,0,0,0,6.6,0,35,47,2,2
2025/26,Premier League,2025-11-02,Manchester City,Bournemouth,Nico O Reilly,Manchester City,DF,TRUE,90,1,0,0,0,2,2,0,0,1,0,0,3,0,0,0,0,0,0,0,0,0,8.5,1,32,39,2,2
2025/26,Premier League,2025-11-02,Manchester City,Bournemouth,Nicolas Gonzalez,Manchester City,MF,TRUE,90,0,0,0,0,0,0,0,0,1,2,0,0,1,3,0,0,0,0,0,0,0,7.1,1,58,65,0,0
2025/26,Premier League,2025-11-02,Manchester City,Bournemouth,Omar Marmoush,Manchester City,FW,FALSE,9,0,0,0,0,1,0,0,0,0,0,0,0,0,1,0,0,0,0,0,0,0,6.3,0,1,1,0,0
2025/26,Premier League,2025-11-02,Manchester City,Bournemouth,Phil Foden,Manchester City,MF,TRUE,89,0,1,0,0,1,0,1,0,1,3,0,8,0,0,0,0,0,0,0,0,0,6.4,3,43,46,0,0
2025/26,Premier League,2025-11-02,Manchester City,Bournemouth,Rayan Cherki,Manchester City,MF,TRUE,72,0,2,0,0,3,1,0,0,0,0,0,1,3,0,0,0,0,0,0,0,0,6.7,2,41,48,6,0
2025/26,Premier League,2025-11-02,Manchester City,Bournemouth,Ruben Dias,Manchester City,DF,TRUE,90,0,0,0,0,0,0,0,0,0,0,0,0,0,2,0,0,0,0,0,0,0,6.8,0,35,38,0,0
2025/26,Premier League,2025-11-02,Manchester City,Bournemouth,Savio,Manchester City,FW,FALSE,18,0,0,0,0,0,0,0,0,0,0,0,1,0,0,0,0,0,0,0,0,0,7.1,2,9,10,4,1
2025/26,Premier League,2025-11-02,Manchester City,Bournemouth,Tijjani Reijnders,Manchester City,MF,FALSE,18,0,0,0,0,2,1,0,0,0,0,0,1,0,0,0,0,0,0,0,0,0,6.6,0,12,14,0,0
2025/26,Premier League,2025-11-09,Manchester City,Liverpool,Bernardo Silva,Manchester City,MF,TRUE,90,0,1,0,0,0,0,1,0,2,0,0,1,0,0,0,0,0,0,0,0,0,7,2,63,67,0,0
2025/26,Premier League,2025-11-09,Manchester City,Liverpool,Erling Haaland,Manchester City,FW,TRUE,90,1,0,0,1,2,2,0,0,3,1,0,0,1,0,0,0,0,0,0,0,0,7,1,8,14,0,0
2025/26,Premier League,2025-11-09,Manchester City,Liverpool,Gianluigi Donnarumma,Manchester City,GK,TRUE,90,0,0,0,0,0,0,0,0,0,0,0,0,0,0,0,0,0,2,1,0,0,6.7,0,18,26,0,0
2025/26,Premier League,2025-11-09,Manchester City,Liverpool,Jeremy Doku,Manchester City,FW,TRUE,73,1,0,0,0,3,3,0,0,1,4,0,1,0,0,0,0,0,0,0,0,0,9.5,3,20,30,8,7
2025/26,Premier League,2025-11-09,Manchester City,Liverpool,Josko Gvardiol,Manchester City,DF,TRUE,90,0,0,0,0,0,0,0,0,1,1,0,0,1,1,0,0,0,0,0,0,0,7.1,0,49,58,0,0
2025/26,Premier League,2025-11-09,Manchester City,Liverpool,Matheus Nunes,Manchester City,DF,TRUE,90,0,1,0,0,0,0,0,0,1,0,0,1,2,2,0,0,0,0,0,0,0,7.7,2,33,42,1,1
2025/26,Premier League,2025-11-09,Manchester City,Liverpool,Nico O Reilly,Manchester City,DF,TRUE,90,0,1,0,0,2,0,0,0,2,1,0,2,1,2,0,0,0,0,0,0,0,7,1,24,31,2,1
2025/26,Premier League,2025-11-09,Manchester City,Liverpool,Nicolas Gonzalez,Manchester City,MF,TRUE,90,1,0,0,0,2,1,1,0,1,2,0,0,3,2,0,0,0,0,0,0,0,8.3,0,50,57,0,0
2025/26,Premier League,2025-11-09,Manchester City,Liverpool,Omar Marmoush,Manchester City,FW,FALSE,17,0,0,0,0,1,0,0,0,1,1,0,0,0,0,0,0,0,0,0,0,0,6.3,1,5,5,0,0
2025/26,Premier League,2025-11-09,Manchester City,Liverpool,Phil Foden,Manchester City,MF,TRUE,90,0,0,0,0,2,0,0,0,1,1,0,3,1,0,0,0,0,0,0,0,0,7.3,1,29,32,1,0
2025/26,Premier League,2025-11-09,Manchester City,Liverpool,Rayan Cherki,Manchester City,MF,TRUE,52,0,0,0,0,2,0,0,0,1,2,0,3,0,0,0,0,0,0,0,0,0,6.4,1,8,9,0,0
2025/26,Premier League,2025-11-09,Manchester City,Liverpool,Ruben Dias,Manchester City,DF,TRUE,90,0,0,0,0,0,0,0,0,0,1,0,0,1,1,0,0,0,0,0,0,0,7.5,0,47,51,0,0
2025/26,Premier League,2025-11-09,Manchester City,Liverpool,Savio,Manchester City,FW,FALSE,38,0,0,0,0,0,0,0,0,0,1,1,0,2,1,0,0,0,0,0,0,0,6.8,0,14,17,0,0
2025/26,Premier League,2025-11-22,Newcastle,Manchester City,Bernardo Silva,Manchester City,MF,TRUE,76,0,0,0,0,1,0,1,0,0,1,1,0,0,0,0,0,0,0,0,0,0,6.9,1,61,66,0,0
2025/26,Premier League,2025-11-22,Newcastle,Manchester City,Erling Haaland,Manchester City,FW,TRUE,90,0,0,0,0,5,2,0,0,0,1,0,0,1,0,0,0,0,0,0,0,0,6.2,0,5,10,2,0
2025/26,Premier League,2025-11-22,Newcastle,Manchester City,Gianluigi Donnarumma,Manchester City,GK,TRUE,90,0,0,0,0,0,0,1,0,0,0,0,0,0,0,0,0,0,5,3,0,0,7.3,0,13,20,0,0
2025/26,Premier League,2025-11-22,Newcastle,Manchester City,Jeremy Doku,Manchester City,FW,TRUE,75,0,0,0,0,1,0,0,0,0,3,1,4,2,2,0,0,0,0,0,0,0,7.3,4,19,22,7,3
2025/26,Premier League,2025-11-22,Newcastle,Manchester City,Josko Gvardiol,Manchester City,DF,TRUE,90,0,0,0,0,0,0,0,0,1,0,0,0,2,1,0,0,0,0,0,0,0,6.4,0,58,64,0,0
2025/26,Premier League,2025-11-22,Newcastle,Manchester City,Matheus Nunes,Manchester City,DF,TRUE,90,0,0,0,0,0,0,0,0,0,0,0,2,1,3,0,0,0,0,0,0,0,6.4,1,63,66,2,0
2025/26,Premier League,2025-11-22,Newcastle,Manchester City,Nico O Reilly,Manchester City,DF,TRUE,90,0,0,0,0,1,0,0,0,1,0,0,0,0,0,0,0,0,0,0,0,0,6,1,45,47,2,2
2025/26,Premier League,2025-11-22,Newcastle,Manchester City,Nicolas Gonzalez,Manchester City,MF,TRUE,90,0,0,0,0,0,0,0,0,3,2,0,0,1,1,0,0,0,0,0,0,0,6.6,0,82,90,1,1
2025/26,Premier League,2025-11-22,Newcastle,Manchester City,Omar Marmoush,Manchester City,FW,FALSE,4,0,0,0,0,1,0,0,0,1,0,0,0,0,0,0,0,0,0,0,0,0,6.3,0,2,2,0,0
2025/26,Premier League,2025-11-22,Newcastle,Manchester City,Phil Foden,Manchester City,MF,TRUE,86,0,0,0,0,3,0,0,0,1,1,0,6,1,0,0,0,0,0,0,0,0,6,1,33,36,1,0
2025/26,Premier League,2025-11-22,Newcastle,Manchester City,Rayan Cherki,Manchester City,MF,TRUE,76,0,0,0,0,2,1,0,0,0,2,0,3,0,0,0,0,0,0,0,0,0,6.3,3,30,38,2,1
2025/26,Premier League,2025-11-22,Newcastle,Manchester City,Ruben Dias,Manchester City,DF,TRUE,90,1,0,0,0,1,1,0,0,0,1,0,2,1,0,0,0,0,0,0,0,0,8.7,1,74,79,0,0
2025/26,Premier League,2025-11-22,Newcastle,Manchester City,Savio,Manchester City,FW,FALSE,15,0,0,0,0,1,0,0,0,0,1,0,5,0,0,0,0,0,0,0,0,0,6.5,0,15,16,1,0
2025/26,Premier League,2025-11-22,Newcastle,Manchester City,Tijjani Reijnders,Manchester City,MF,FALSE,14,0,0,0,0,0,0,0,0,0,0,0,3,0,0,0,0,0,0,0,0,0,6.7,0,10,12,0,0
2025/26,Premier League,2025-11-29,Manchester City,Leeds United,Bernardo Silva,Manchester City,MF,TRUE,88,0,0,0,0,1,0,1,0,2,0,0,2,0,0,0,0,0,0,0,0,0,6.7,1,59,63,1,0
2025/26,Premier League,2025-11-29,Manchester City,Leeds United,Erling Haaland,Manchester City,FW,TRUE,90,0,0,0,0,1,1,0,0,2,1,0,0,0,0,0,0,0,0,0,0,0,6.3,1,7,10,1,0
2025/26,Premier League,2025-11-29,Manchester City,Leeds United,Gianluigi Donnarumma,Manchester City,GK,TRUE,90,0,0,0,0,0,0,1,0,0,0,0,0,0,0,0,0,0,2,0,1,1,6.9,0,26,29,0,0
2025/26,Premier League,2025-11-29,Manchester City,Leeds United,Jeremy Doku,Manchester City,FW,TRUE,89,0,0,0,0,0,0,0,0,2,1,0,7,1,0,0,0,0,0,0,0,0,7.2,3,32,41,7,3
2025/26,Premier League,2025-11-29,Manchester City,Leeds United,Josko Gvardiol,Manchester City,DF,TRUE,90,1,0,0,0,2,1,1,0,1,1,0,0,0,1,0,0,0,0,0,0,0,6.2,1,65,75,0,0
2025/26,Premier League,2025-11-29,Manchester City,Leeds United,Matheus Nunes,Manchester City,DF,TRUE,90,0,1,0,0,0,0,1,0,1,0,2,1,0,0,0,0,0,0,0,0,0,5.7,1,52,61,2,0
2025/26,Premier League,2025-11-29,Manchester City,Leeds United,Nico O Reilly,Manchester City,DF,TRUE,90,0,1,0,0,2,2,0,0,1,1,0,2,0,0,0,0,0,0,0,0,0,6.4,3,35,41,2,1
2025/26,Premier League,2025-11-29,Manchester City,Leeds United,Nicolas Gonzalez,Manchester City,MF,TRUE,90,0,0,0,0,2,1,0,0,2,2,0,0,1,0,0,0,0,0,0,0,0,6.9,0,63,70,1,1
2025/26,Premier League,2025-11-29,Manchester City,Leeds United,Omar Marmoush,Manchester City,FW,FALSE,2,0,0,0,0,1,1,0,0,0,0,0,0,0,0,0,0,0,0,0,0,0,6.3,0,0,0,1,0
2025/26,Premier League,2025-11-29,Manchester City,Leeds United,Phil Foden,Manchester City,MF,TRUE,90,2,0,0,0,4,3,0,0,3,2,0,10,0,0,0,0,0,0,0,0,0,9,1,40,46,1,0
2025/26,Premier League,2025-11-29,Manchester City,Leeds United,Rayan Cherki,Manchester City,MF,FALSE,16,0,1,0,0,0,0,0,0,0,1,0,0,0,0,0,0,0,0,0,0,0,7,1,11,12,1,0
2025/26,Premier League,2025-11-29,Manchester City,Leeds United,Ruben Dias,Manchester City,DF,TRUE,90,0,0,0,0,1,0,0,0,1,0,0,1,0,0,0,0,0,0,0,0,0,6.7,0,68,73,0,0
2025/26,Premier League,2025-11-29,Manchester City,Leeds United,Tijjani Reijnders,Manchester City,MF,TRUE,74,0,0,0,0,4,0,0,0,2,2,0,3,0,1,0,0,0,0,0,0,0,7.8,1,35,38,3,2
2025/26,Premier League,2025-12-02,Fulham,Manchester City,Bernardo Silva,Manchester City,MF,TRUE,90,0,0,0,0,0,0,0,0,0,1,0,0,1,3,0,0,0,0,0,0,0,6.8,0,42,50,3,2
2025/26,Premier League,2025-12-02,Fulham,Manchester City,Erling Haaland,Manchester City,FW,TRUE,90,1,2,0,0,5,1,0,0,0,1,1,0,0,1,0,0,0,0,0,0,0,8.6,2,12,18,1,0
2025/26,Premier League,2025-12-02,Fulham,Manchester City,Gianluigi Donnarumma,Manchester City,GK,TRUE,90,0,0,0,0,0,0,0,0,0,1,0,0,0,0,0,0,0,5,1,0,0,6.4,0,25,29,1,1
2025/26,Premier League,2025-12-02,Fulham,Manchester City,Jeremy Doku,Manchester City,FW,TRUE,63,0,1,0,0,3,0,0,0,2,0,0,2,0,1,0,0,0,0,0,0,0,6.6,2,20,28,4,2
2025/26,Premier League,2025-12-02,Fulham,Manchester City,Josko Gvardiol,Manchester City,DF,TRUE,90,0,0,0,0,0,0,0,0,0,0,0,0,0,2,0,0,0,0,0,0,0,6.7,0,43,52,0,0
2025/26,Premier League,2025-12-02,Fulham,Manchester City,Matheus Nunes,Manchester City,DF,TRUE,90,0,0,0,0,0,0,0,0,0,1,0,2,3,2,0,0,0,0,0,0,0,6.4,1,39,47,1,1
2025/26,Premier League,2025-12-02,Fulham,Manchester City,Nico O Reilly,Manchester City,DF,TRUE,90,0,0,0,0,0,0,0,0,3,0,0,0,3,1,0,0,0,0,0,0,0,5.4,0,21,26,4,1
2025/26,Premier League,2025-12-02,Fulham,Manchester City,Nicolas Gonzalez,Manchester City,MF,TRUE,63,0,0,0,0,0,0,0,0,2,0,0,0,0,1,0,0,0,0,0,0,0,6.8,0,37,41,1,0
2025/26,Premier League,2025-12-02,Fulham,Manchester City,Phil Foden,Manchester City,MF,TRUE,89,2,0,0,0,2,2,0,0,0,2,0,0,1,4,0,0,0,0,0,0,0,9.3,2,46,51,0,0
2025/26,Premier League,2025-12-02,Fulham,Manchester City,Rayan Cherki,Manchester City,MF,FALSE,9,0,0,0,0,0,0,1,0,0,1,0,0,0,0,0,0,0,0,0,0,0,6.7,0,7,10,0,0
2025/26,Premier League,2025-12-02,Fulham,Manchester City,Ruben Dias,Manchester City,DF,TRUE,90,0,0,0,0,0,0,0,0,0,1,0,0,0,2,0,0,0,0,0,0,0,6,0,56,63,0,0
2025/26,Premier League,2025-12-02,Fulham,Manchester City,Savio,Manchester City,FW,FALSE,27,0,0,0,0,0,0,0,0,0,0,0,1,0,0,0,0,0,0,0,0,0,6.8,1,6,8,1,0
2025/26,Premier League,2025-12-02,Fulham,Manchester City,Tijjani Reijnders,Manchester City,MF,TRUE,81,1,0,0,0,1,1,0,0,0,1,0,2,0,0,0,0,0,0,0,0,0,7.4,1,27,31,2,1
2025/26,Premier League,2025-12-06,Manchester City,Sunderland,Bernardo Silva,Manchester City,MF,TRUE,81,0,0,0,0,1,0,0,0,1,0,0,0,1,0,0,0,0,0,0,0,0,6.7,0,55,59,0,0
2025/26,Premier League,2025-12-06,Manchester City,Sunderland,Erling Haaland,Manchester City,FW,TRUE,68,0,0,0,0,1,1,0,0,0,0,0,0,0,1,0,0,0,0,0,0,0,6,0,5,5,1,0
2025/26,Premier League,2025-12-06,Manchester City,Sunderland,Gianluigi Donnarumma,Manchester City,GK,TRUE,90,0,0,0,0,0,0,0,0,0,0,0,0,0,0,0,0,0,1,1,0,0,7.2,0,12,16,0,0
2025/26,Premier League,2025-12-06,Manchester City,Sunderland,Jeremy Doku,Manchester City,FW,TRUE,90,0,0,0,0,3,1,0,0,0,3,0,4,0,0,0,0,0,0,0,0,0,8.1,5,42,46,4,3
2025/26,Premier League,2025-12-06,Manchester City,Sunderland,Josko Gvardiol,Manchester City,DF,TRUE,69,1,0,0,0,1,1,1,0,1,0,0,0,0,0,0,0,0,0,0,0,0,8.2,0,53,58,0,0
2025/26,Premier League,2025-12-06,Manchester City,Sunderland,Matheus Nunes,Manchester City,DF,TRUE,90,0,0,0,0,0,0,0,0,0,1,0,2,1,2,0,0,0,0,0,0,0,7.4,0,71,73,1,1
2025/26,Premier League,2025-12-06,Manchester City,Sunderland,Nathan Ake,Manchester City,DF,FALSE,21,0,0,0,0,0,0,0,0,0,0,0,0,0,0,0,0,0,0,0,0,0,6.6,0,7,10,0,0
2025/26,Premier League,2025-12-06,Manchester City,Sunderland,Nico O Reilly,Manchester City,DF,TRUE,90,0,0,0,0,1,0,0,0,1,3,0,1,4,1,0,0,0,0,0,0,0,7.5,0,40,48,1,1
2025/26,Premier League,2025-12-06,Manchester City,Sunderland,Nicolas Gonzalez,Manchester City,MF,TRUE,90,0,0,0,0,1,0,0,0,3,0,0,0,1,0,0,0,0,0,0,0,0,7.2,1,61,67,2,1
2025/26,Premier League,2025-12-06,Manchester City,Sunderland,Omar Marmoush,Manchester City,FW,FALSE,22,0,0,0,0,0,0,0,0,0,0,0,0,0,0,0,0,0,0,0,0,0,6.3,0,2,2,1,0
2025/26,Premier League,2025-12-06,Manchester City,Sunderland,Phil Foden,Manchester City,MF,TRUE,68,1,1,0,0,5,1,0,0,0,1,0,3,1,0,0,0,0,0,0,0,0,7.7,2,48,54,1,0
2025/26,Premier League,2025-12-06,Manchester City,Sunderland,Rayan Cherki,Manchester City,MF,TRUE,81,0,2,0,0,2,1,0,0,0,2,0,6,0,0,0,0,0,0,0,0,0,9.3,6,64,73,9,5
2025/26,Premier League,2025-12-06,Manchester City,Sunderland,Ruben Dias,Manchester City,DF,TRUE,90,1,0,0,0,2,1,0,0,1,0,0,1,0,0,0,0,0,0,0,0,0,8.8,1,78,85,0,0
2025/26,Premier League,2025-12-06,Manchester City,Sunderland,Savio,Manchester City,FW,FALSE,9,0,0,0,0,0,0,0,0,1,0,0,1,0,0,0,0,0,0,0,0,0,6.4,1,4,6,2,0
2025/26,Premier League,2025-12-06,Manchester City,Sunderland,Tijjani Reijnders,Manchester City,MF,FALSE,22,0,0,0,0,1,0,0,0,1,0,0,2,0,0,0,0,0,0,0,0,0,6.3,0,9,11,0,0
2025/26,Premier League,2025-12-14,Crystal Palace,Manchester City,Bernardo Silva,Manchester City,MF,TRUE,89,0,0,0,0,0,0,0,0,0,1,0,0,0,1,0,0,0,0,0,0,0,6.5,0,51,61,2,2
2025/26,Premier League,2025-12-14,Crystal Palace,Manchester City,Erling Haaland,Manchester City,FW,TRUE,89,2,0,1,1,2,2,0,0,0,1,0,0,2,0,0,0,0,0,0,0,0,8.4,0,6,12,0,0
2025/26,Premier League,2025-12-14,Crystal Palace,Manchester City,Gianluigi Donnarumma,Manchester City,GK,TRUE,90,0,0,0,0,0,0,0,0,0,0,0,0,0,0,0,0,0,4,4,0,0,7.7,0,21,22,0,0
2025/26,Premier League,2025-12-14,Crystal Palace,Manchester City,Josko Gvardiol,Manchester City,DF,TRUE,90,0,0,0,0,1,1,0,0,2,1,0,0,0,2,0,0,0,0,0,0,0,7.1,0,54,64,1,0
2025/26,Premier League,2025-12-14,Crystal Palace,Manchester City,Matheus Nunes,Manchester City,DF,TRUE,90,0,1,0,0,0,0,0,0,0,2,0,2,2,1,0,0,0,0,0,0,0,7.3,1,59,71,1,0
2025/26,Premier League,2025-12-14,Crystal Palace,Manchester City,Nico O Reilly,Manchester City,DF,TRUE,89,0,0,0,0,0,0,0,0,0,0,0,1,0,1,0,0,0,0,0,0,0,7.4,0,20,24,1,0
2025/26,Premier League,2025-12-14,Crystal Palace,Manchester City,Nicolas Gonzalez,Manchester City,MF,TRUE,90,0,0,0,0,0,0,0,0,3,1,0,0,1,1,0,0,0,0,0,0,0,7.1,0,78,90,4,2
2025/26,Premier League,2025-12-14,Crystal Palace,Manchester City,Phil Foden,Manchester City,MF,TRUE,90,1,0,0,0,3,2,0,0,0,0,0,2,0,0,0,0,0,0,0,0,0,8.2,0,56,65,5,4
2025/26,Premier League,2025-12-14,Crystal Palace,Manchester City,Rayan Cherki,Manchester City,MF,TRUE,90,0,1,0,0,0,0,0,0,1,2,0,4,0,0,0,0,0,0,0,0,0,7.6,3,49,53,6,5
2025/26,Premier League,2025-12-14,Crystal Palace,Manchester City,Ruben Dias,Manchester City,DF,TRUE,90,0,0,0,0,0,0,0,0,0,0,0,0,0,1,0,0,0,0,0,0,0,7.5,0,91,101,0,0
2025/26,Premier League,2025-12-14,Crystal Palace,Manchester City,Savio,Manchester City,FW,FALSE,6,0,0,0,0,0,0,0,0,0,1,0,0,0,0,0,0,0,0,0,0,0,7.1,0,3,4,1,1
2025/26,Premier League,2025-12-14,Crystal Palace,Manchester City,Tijjani Reijnders,Manchester City,MF,TRUE,84,0,0,0,0,1,1,0,0,0,0,2,0,1,1,0,0,0,0,0,0,0,6.5,0,21,26,1,0
2025/26,Premier League,2025-12-20,Manchester City,West Ham,Abdukodir Khusanov,Manchester City,DF,FALSE,24,0,0,0,0,0,0,0,0,0,0,0,0,1,0,0,0,0,0,0,0,0,7,0,32,34,0,0
2025/26,Premier League,2025-12-20,Manchester City,West Ham,Bernardo Silva,Manchester City,MF,TRUE,74,0,0,0,0,0,0,0,0,2,1,0,1,1,1,0,0,0,0,0,0,0,7,0,77,82,1,0
2025/26,Premier League,2025-12-20,Manchester City,West Ham,Erling Haaland,Manchester City,FW,TRUE,90,2,1,0,0,7,3,0,0,0,0,0,1,0,0,0,0,0,0,0,0,0,8.7,1,4,5,0,0
2025/26,Premier League,2025-12-20,Manchester City,West Ham,Gianluigi Donnarumma,Manchester City,GK,TRUE,90,0,0,0,0,0,0,0,0,0,0,0,0,0,0,0,0,0,4,3,0,0,8.5,0,22,25,1,1
2025/26,Premier League,2025-12-20,Manchester City,West Ham,Josko Gvardiol,Manchester City,DF,TRUE,90,0,0,0,0,3,0,0,0,0,0,0,0,0,1,0,0,0,0,0,0,0,7.2,0,71,77,0,0
2025/26,Premier League,2025-12-20,Manchester City,West Ham,Matheus Nunes,Manchester City,DF,TRUE,90,0,0,0,0,0,0,0,0,2,2,0,3,2,1,0,0,0,0,0,0,0,8.1,0,103,109,5,3
2025/26,Premier League,2025-12-20,Manchester City,West Ham,Nico O Reilly,Manchester City,DF,TRUE,90,0,0,0,0,0,0,0,0,5,0,1,3,1,1,0,0,0,0,0,0,0,6.3,0,59,61,4,0
2025/26,Premier League,2025-12-20,Manchester City,West Ham,Nicolas Gonzalez,Manchester City,MF,TRUE,66,0,0,0,0,0,0,1,0,2,1,0,1,0,2,0,0,0,0,0,0,0,7.1,0,71,77,0,0
2025/26,Premier League,2025-12-20,Manchester City,West Ham,Phil Foden,Manchester City,MF,TRUE,90,0,0,0,0,2,1,0,0,1,1,0,7,0,0,0,0,0,0,0,0,0,6.4,2,58,62,1,1
2025/26,Premier League,2025-12-20,Manchester City,West Ham,Rayan Cherki,Manchester City,MF,TRUE,66,0,0,0,0,0,0,0,0,0,1,0,4,1,1,0,0,0,0,0,0,0,8,6,45,53,5,2
2025/26,Premier League,2025-12-20,Manchester City,West Ham,Ruben Dias,Manchester City,DF,TRUE,90,0,0,0,0,1,1,0,0,0,1,0,0,0,0,0,0,0,0,0,0,0,7.1,0,73,77,0,0
2025/26,Premier League,2025-12-20,Manchester City,West Ham,Savio,Manchester City,FW,FALSE,24,0,0,0,0,2,1,0,0,1,0,0,0,0,0,0,0,0,0,0,0,0,6.7,0,17,19,0,0
2025/26,Premier League,2025-12-20,Manchester City,West Ham,Tijjani Reijnders,Manchester City,MF,TRUE,66,1,0,0,0,2,2,0,0,1,0,0,1,0,0,0,0,0,0,0,0,0,7.5,0,24,26,4,1
2025/26,Premier League,2025-12-27,Nottingham,Manchester City,Bernardo Silva,Manchester City,MF,TRUE,90,0,0,0,0,0,0,0,0,0,0,0,1,0,0,0,0,0,0,0,0,0,6.8,2,53,57,2,1
2025/26,Premier League,2025-12-27,Nottingham,Manchester City,Erling Haaland,Manchester City,FW,TRUE,90,0,0,0,0,2,0,0,0,0,0,1,0,0,0,0,0,0,0,0,0,0,6.4,1,5,7,0,0
2025/26,Premier League,2025-12-27,Nottingham,Manchester City,Gianluigi Donnarumma,Manchester City,GK,TRUE,90,0,0,0,0,0,0,0,0,0,0,0,0,0,0,0,0,0,2,1,0,0,6.1,0,14,17,0,0
2025/26,Premier League,2025-12-27,Nottingham,Manchester City,Josko Gvardiol,Manchester City,DF,TRUE,90,0,1,0,0,0,0,0,0,3,1,0,0,2,1,0,0,0,0,0,0,0,7.5,0,92,98,0,0
2025/26,Premier League,2025-12-27,Nottingham,Manchester City,Matheus Nunes,Manchester City,DF,TRUE,90,0,0,0,0,1,0,0,0,2,0,0,2,3,0,0,0,0,0,0,0,0,7.2,1,70,74,2,2
2025/26,Premier League,2025-12-27,Nottingham,Manchester City,Nico O Reilly,Manchester City,DF,TRUE,90,0,0,0,0,0,0,1,0,2,0,0,5,1,0,0,0,0,0,0,0,0,6.3,2,45,50,5,3
2025/26,Premier League,2025-12-27,Nottingham,Manchester City,Nicolas Gonzalez,Manchester City,MF,TRUE,90,0,0,0,0,1,0,0,0,1,1,0,1,1,0,0,0,0,0,0,0,0,6.9,2,66,77,0,0
2025/26,Premier League,2025-12-27,Nottingham,Manchester City,Phil Foden,Manchester City,MF,TRUE,90,0,0,0,0,5,1,0,0,1,1,0,3,0,1,0,0,0,0,0,0,0,5.9,2,30,38,3,2
2025/26,Premier League,2025-12-27,Nottingham,Manchester City,Rayan Cherki,Manchester City,MF,TRUE,88,1,1,0,0,4,2,0,0,0,1,0,4,1,1,0,0,0,0,0,0,0,8.4,3,42,48,4,2
2025/26,Premier League,2025-12-27,Nottingham,Manchester City,Ruben Dias,Manchester City,DF,TRUE,90,0,0,0,0,0,0,1,0,2,0,0,0,0,1,0,0,0,0,0,0,0,7.1,0,89,94,0,0
2025/26,Premier League,2025-12-27,Nottingham,Manchester City,Savio,Manchester City,FW,FALSE,18,0,0,0,0,1,1,0,0,1,0,0,1,0,0,0,0,0,0,0,0,0,6.4,0,9,11,3,1
2025/26,Premier League,2025-12-27,Nottingham,Manchester City,Tijjani Reijnders,Manchester City,MF,TRUE,72,1,0,0,0,2,1,0,0,1,0,0,1,0,0,0,0,0,0,0,0,0,7,2,19,22,2,0
2025/26,Premier League,2026-01-01,Sunderland,Manchester City,Bernardo Silva,Manchester City,MF,TRUE,84,0,0,0,0,1,0,0,0,2,1,1,2,0,1,0,0,0,0,0,0,0,6.6,0,44,49,3,3
2025/26,Premier League,2026-01-01,Sunderland,Manchester City,Erling Haaland,Manchester City,FW,TRUE,90,0,0,0,0,2,1,0,0,1,1,0,0,0,0,0,0,0,0,0,0,0,6.2,1,3,7,1,0
2025/26,Premier League,2026-01-01,Sunderland,Manchester City,Gianluigi Donnarumma,Manchester City,GK,TRUE,90,0,0,0,0,0,0,0,0,0,0,0,0,0,0,0,0,0,4,4,0,0,7.2,0,22,31,0,0
2025/26,Premier League,2026-01-01,Sunderland,Manchester City,Jeremy Doku,Manchester City,FW,FALSE,40,0,0,0,0,1,0,0,0,0,1,0,2,1,1,0,0,0,0,0,0,0,7.3,0,19,25,8,6
2025/26,Premier League,2026-01-01,Sunderland,Manchester City,Josko Gvardiol,Manchester City,DF,FALSE,34,0,0,0,0,4,1,0,0,1,0,0,0,1,0,0,0,0,0,0,0,0,6.7,0,14,18,1,1
2025/26,Premier League,2026-01-01,Sunderland,Manchester City,Matheus Nunes,Manchester City,DF,TRUE,90,0,0,0,0,0,0,0,0,0,1,0,3,3,3,0,0,0,0,0,0,0,7.4,1,92,107,1,0
2025/26,Premier League,2026-01-01,Sunderland,Manchester City,Nathan Ake,Manchester City,DF,TRUE,90,0,0,0,0,0,0,1,0,1,2,0,0,2,2,0,0,0,0,0,0,0,7.8,1,55,61,0,0
2025/26,Premier League,2026-01-01,Sunderland,Manchester City,Nico O Reilly,Manchester City,DF,TRUE,56,0,0,0,0,0,0,0,0,0,0,0,0,1,0,0,0,0,0,0,0,0,6.6,0,24,31,0,0
2025/26,Premier League,2026-01-01,Sunderland,Manchester City,Nicolas Gonzalez,Manchester City,MF,TRUE,45,0,0,0,0,0,0,0,0,0,0,0,0,1,2,0,0,0,0,0,0,0,6.9,0,36,39,0,0
2025/26,Premier League,2026-01-01,Sunderland,Manchester City,Phil Foden,Manchester City,MF,TRUE,90,0,0,0,0,3,0,0,0,0,1,0,2,0,0,0,0,0,0,0,0,0,6.8,3,48,54,2,2
2025/26,Premier League,2026-01-01,Sunderland,Manchester City,Rayan Cherki,Manchester City,MF,TRUE,90,0,0,0,0,0,0,0,0,1,2,0,6,4,0,0,0,0,0,0,0,0,7.6,1,55,67,8,4
2025/26,Premier League,2026-01-01,Sunderland,Manchester City,Rodri,Manchester City,MF,FALSE,45,0,0,0,0,0,0,0,0,0,0,0,0,3,1,0,0,0,0,0,0,0,7.1,2,52,58,1,0
2025/26,Premier League,2026-01-01,Sunderland,Manchester City,Ruben Dias,Manchester City,DF,TRUE,90,0,0,0,0,0,0,0,0,0,0,0,1,0,1,0,0,0,0,0,0,0,7.5,0,64,70,0,0
2025/26,Premier League,2026-01-01,Sunderland,Manchester City,Savio,Manchester City,FW,TRUE,50,0,0,0,0,2,1,0,0,0,0,0,6,0,1,0,0,0,0,0,0,0,6.6,0,16,18,0,0
2025/26,Premier League,2026-01-01,Sunderland,Manchester City,Tijjani Reijnders,Manchester City,MF,FALSE,6,0,0,0,0,1,1,0,0,0,0,0,0,0,0,0,0,0,0,0,0,0,6.4,0,4,5,1,0
2025/26,Premier League,2026-01-04,Manchester City,Chelsea,Abdukodir Khusanov,Manchester City,DF,FALSE,40,0,0,0,0,0,0,0,0,0,0,0,0,1,1,0,0,0,0,0,0,0,6.4,0,24,26,0,0
2025/26,Premier League,2026-01-04,Manchester City,Chelsea,Bernardo Silva,Manchester City,MF,TRUE,90,0,0,0,0,1,0,1,0,5,1,1,1,2,0,0,0,0,0,0,0,0,6.2,2,34,40,0,0
2025/26,Premier League,2026-01-04,Manchester City,Chelsea,Erling Haaland,Manchester City,FW,TRUE,90,0,0,0,0,5,1,0,0,0,1,0,0,0,1,0,0,0,0,0,0,0,7,0,10,13,2,2
2025/26,Premier League,2026-01-04,Manchester City,Chelsea,Gianluigi Donnarumma,Manchester City,GK,TRUE,90,0,0,0,0,0,0,0,0,0,1,0,0,0,0,0,0,0,3,2,0,0,7.2,0,28,31,0,0
2025/26,Premier League,2026-01-04,Manchester City,Chelsea,Jeremy Doku,Manchester City,FW,FALSE,21,0,0,0,0,1,0,0,0,0,1,0,0,0,0,0,0,0,0,0,0,0,7.2,0,7,8,3,3
2025/26,Premier League,2026-01-04,Manchester City,Chelsea,Josko Gvardiol,Manchester City,DF,TRUE,50,0,0,0,0,0,0,0,0,0,0,0,0,2,0,0,0,0,0,0,0,0,7.5,0,56,60,0,0
2025/26,Premier League,2026-01-04,Manchester City,Chelsea,Matheus Nunes,Manchester City,DF,TRUE,90,0,0,0,0,0,0,1,0,0,1,0,2,5,0,0,0,0,0,0,0,0,6.9,0,48,56,0,0
2025/26,Premier League,2026-01-04,Manchester City,Chelsea,Nathan Ake,Manchester City,DF,FALSE,10,0,0,0,0,0,0,0,0,0,0,0,0,1,0,0,0,0,0,0,0,0,6.4,0,5,8,0,0
2025/26,Premier League,2026-01-04,Manchester City,Chelsea,Nico O Reilly,Manchester City,DF,TRUE,90,0,0,0,0,1,0,0,0,0,0,0,2,4,1,0,0,0,0,0,0,0,6.9,0,41,46,0,0
2025/26,Premier League,2026-01-04,Manchester City,Chelsea,Phil Foden,Manchester City,MF,TRUE,90,0,0,0,0,2,0,0,0,1,3,1,4,0,1,0,0,0,0,0,0,0,6.5,4,31,41,4,2
2025/26,Premier League,2026-01-04,Manchester City,Chelsea,Rayan Cherki,Manchester City,MF,TRUE,90,0,0,0,0,2,0,0,0,1,2,0,5,0,0,0,0,0,0,0,0,0,6.5,0,48,61,5,2
2025/26,Premier League,2026-01-04,Manchester City,Chelsea,Rodri,Manchester City,MF,TRUE,90,0,0,0,0,0,0,0,0,1,3,0,0,4,1,0,0,0,0,0,0,0,7.8,4,69,78,0,0
2025/26,Premier League,2026-01-04,Manchester City,Chelsea,Ruben Dias,Manchester City,DF,TRUE,80,0,0,0,0,1,1,1,0,3,1,0,0,0,1,0,0,0,0,0,0,0,7.3,0,79,83,0,0
2025/26,Premier League,2026-01-04,Manchester City,Chelsea,Tijjani Reijnders,Manchester City,MF,TRUE,69,1,0,0,0,1,1,0,0,1,0,0,1,0,1,0,0,0,0,0,0,0,8.2,2,24,29,1,0
2025/26,Premier League,2026-01-07,Manchester City,Brighton,Abdukodir Khusanov,Manchester City,DF,TRUE,90,0,0,0,0,0,0,0,0,0,1,0,0,2,2,0,0,0,0,0,0,0,7.1,0,66,72,0,0
2025/26,Premier League,2026-01-07,Manchester City,Brighton,Bernardo Silva,Manchester City,MF,TRUE,90,0,0,0,0,2,1,0,0,1,4,1,1,0,0,0,0,0,0,0,0,0,7.2,0,56,63,4,1
2025/26,Premier League,2026-01-07,Manchester City,Brighton,Erling Haaland,Manchester City,FW,TRUE,90,1,0,1,1,8,4,0,0,2,1,0,0,1,0,0,0,0,0,0,0,0,6.8,1,9,19,0,0
2025/26,Premier League,2026-01-07,Manchester City,Brighton,Gianluigi Donnarumma,Manchester City,GK,TRUE,90,0,0,0,0,0,0,1,0,0,0,0,0,0,0,0,0,0,3,2,0,0,6.8,0,35,43,0,0
2025/26,Premier League,2026-01-07,Manchester City,Brighton,Jeremy Doku,Manchester City,FW,TRUE,90,0,0,0,0,2,0,0,0,1,3,0,2,2,1,0,0,0,0,0,0,0,7.8,3,30,37,8,5
2025/26,Premier League,2026-01-07,Manchester City,Brighton,Matheus Nunes,Manchester City,DF,TRUE,72,0,0,0,0,0,0,0,0,0,0,0,2,1,3,0,0,0,0,0,0,0,6.2,0,39,45,2,1
2025/26,Premier League,2026-01-07,Manchester City,Brighton,Nathan Ake,Manchester City,DF,TRUE,72,0,0,0,0,1,0,0,0,0,0,0,1,0,1,0,0,0,0,0,0,0,6.7,2,45,48,0,0
2025/26,Premier League,2026-01-07,Manchester City,Brighton,Nico O Reilly,Manchester City,DF,FALSE,18,0,0,0,0,0,0,0,0,0,1,0,0,0,0,0,0,0,0,0,0,0,6.8,1,19,21,0,0
2025/26,Premier League,2026-01-07,Manchester City,Brighton,Nicolas Gonzalez,Manchester City,MF,TRUE,63,0,0,0,0,1,0,0,0,1,0,0,0,2,5,0,0,0,0,0,0,0,6.8,0,44,47,0,0
2025/26,Premier League,2026-01-07,Manchester City,Brighton,Phil Foden,Manchester City,MF,TRUE,72,0,0,0,0,0,0,0,0,0,2,1,4,0,0,0,0,0,0,0,0,0,7.3,1,29,36,3,1
2025/26,Premier League,2026-01-07,Manchester City,Brighton,Rayan Cherki,Manchester City,MF,FALSE,18,0,0,0,0,4,0,0,0,0,1,0,2,0,1,0,0,0,0,0,0,0,7.9,4,11,13,5,4
2025/26,Premier League,2026-01-07,Manchester City,Brighton,Rodri,Manchester City,MF,FALSE,27,0,0,0,0,0,0,0,0,0,1,0,0,0,0,0,0,0,0,0,0,0,7,0,21,23,0,0
2025/26,Premier League,2026-01-07,Manchester City,Brighton,Tijjani Reijnders,Manchester City,MF,TRUE,90,0,0,0,0,3,1,0,0,1,1,0,1,0,4,0,0,0,0,0,0,0,6.2,0,36,41,2,1
2025/26,Premier League,2026-01-17,Manchester Utd,Manchester City,Abdukodir Khusanov,Manchester City,DF,TRUE,90,0,0,0,0,0,0,0,0,0,0,0,0,2,3,0,0,0,0,0,0,0,6.7,0,77,82,0,0
2025/26,Premier League,2026-01-17,Manchester Utd,Manchester City,Antoine Semenyo,Manchester City,FW,TRUE,90,0,0,0,0,1,0,0,0,1,0,0,3,2,0,0,0,0,0,0,0,0,6.6,2,37,42,3,1
2025/26,Premier League,2026-01-17,Manchester Utd,Manchester City,Bernardo Silva,Manchester City,MF,TRUE,79,0,0,0,0,1,0,0,0,0,0,0,2,1,1,0,0,0,0,0,0,0,6.3,1,40,44,1,0
2025/26,Premier League,2026-01-17,Manchester Utd,Manchester City,Erling Haaland,Manchester City,FW,TRUE,79,0,0,0,0,2,0,0,0,0,2,0,0,0,0,0,0,0,0,0,0,0,6.4,0,3,5,0,0
2025/26,Premier League,2026-01-17,Manchester Utd,Manchester City,Gianluigi Donnarumma,Manchester City,GK,TRUE,90,0,0,0,0,0,0,0,0,0,0,0,0,0,0,0,0,0,7,5,0,0,7.2,0,27,30,0,0
2025/26,Premier League,2026-01-17,Manchester Utd,Manchester City,Jeremy Doku,Manchester City,FW,TRUE,79,0,0,0,0,1,0,0,0,2,5,0,4,0,1,0,0,0,0,0,0,0,6.6,0,24,27,4,2
2025/26,Premier League,2026-01-17,Manchester Utd,Manchester City,Nathan Ake,Manchester City,DF,TRUE,90,0,0,0,0,0,0,0,0,1,0,1,1,0,0,0,0,0,0,0,0,0,6.3,1,69,79,0,0
2025/26,Premier League,2026-01-17,Manchester Utd,Manchester City,Nico O Reilly,Manchester City,DF,FALSE,45,0,0,0,0,0,0,1,0,1,0,0,0,0,0,0,0,0,0,0,0,0,6.3,0,24,27,0,0
2025/26,Premier League,2026-01-17,Manchester Utd,Manchester City,Phil Foden,Manchester City,MF,TRUE,45,0,0,0,0,0,0,0,0,0,1,0,3,1,0,0,0,0,0,0,0,0,6.6,0,18,22,1,1
2025/26,Premier League,2026-01-17,Manchester Utd,Manchester City,Rayan Ait-Nouri,Manchester City,DF,FALSE,11,0,0,0,0,0,0,0,0,0,0,0,1,0,0,0,0,0,0,0,0,0,6.5,0,7,8,1,0
2025/26,Premier League,2026-01-17,Manchester Utd,Manchester City,Rayan Cherki,Manchester City,MF,FALSE,45,0,0,0,0,0,0,0,0,0,0,0,4,1,0,0,0,0,0,0,0,0,6.7,1,41,51,3,0
2025/26,Premier League,2026-01-17,Manchester Utd,Manchester City,Rodri,Manchester City,MF,TRUE,90,0,0,0,0,0,0,1,0,1,3,0,0,2,1,0,0,0,0,0,0,0,7.4,1,108,116,0,0
2025/26,Premier League,2026-01-17,Manchester Utd,Manchester City,Tijjani Reijnders,Manchester City,MF,FALSE,11,0,0,0,0,0,0,0,0,0,0,0,1,0,0,0,0,0,0,0,0,0,6.4,0,9,12,2,1
2025/26,Premier League,2026-01-24,Manchester City,Wolves,Abdukodir Khusanov,Manchester City,DF,TRUE,90,0,0,0,0,0,0,0,0,2,0,0,0,1,4,0,0,0,0,0,0,0,7.3,1,66,68,0,0
2025/26,Premier League,2026-01-24,Manchester City,Wolves,Antoine Semenyo,Manchester City,FW,TRUE,90,1,0,0,0,3,2,0,0,2,0,0,0,0,2,0,0,0,0,0,0,0,7.2,0,10,11,0,0
2025/26,Premier League,2026-01-24,Manchester City,Wolves,Bernardo Silva,Manchester City,MF,TRUE,90,0,1,0,0,0,0,0,0,2,1,0,1,0,1,0,0,0,0,0,0,0,7.4,2,74,80,0,0
2025/26,Premier League,2026-01-24,Manchester City,Wolves,Erling Haaland,Manchester City,FW,FALSE,18,0,0,0,0,0,0,0,0,0,0,0,0,0,0,0,0,0,0,0,0,0,6.4,0,1,1,0,0
2025/26,Premier League,2026-01-24,Manchester City,Wolves,Gianluigi Donnarumma,Manchester City,GK,TRUE,90,0,0,0,0,0,0,0,0,0,0,0,0,0,1,0,0,0,1,1,0,0,7.1,0,30,32,0,0
2025/26,Premier League,2026-01-24,Manchester City,Wolves,Jeremy Doku,Manchester City,FW,FALSE,18,0,0,0,0,0,0,0,0,0,1,0,0,0,0,0,0,0,0,0,0,0,6.6,0,4,4,2,1
2025/26,Premier League,2026-01-24,Manchester City,Wolves,Marc Guehi,Manchester City,DF,TRUE,90,0,0,0,0,2,1,0,0,0,0,0,0,0,2,0,0,0,0,0,0,0,7.4,0,98,105,0,0
2025/26,Premier League,2026-01-24,Manchester City,Wolves,Matheus Nunes,Manchester City,DF,TRUE,90,0,1,0,0,0,0,1,0,1,1,0,1,1,0,0,0,0,0,0,0,0,7,1,56,67,0,0
2025/26,Premier League,2026-01-24,Manchester City,Wolves,Nico O Reilly,Manchester City,DF,TRUE,90,0,0,0,0,1,0,0,0,2,1,0,2,0,3,0,0,0,0,0,0,0,7.4,1,61,70,0,0
2025/26,Premier League,2026-01-24,Manchester City,Wolves,Omar Marmoush,Manchester City,FW,TRUE,72,1,0,0,0,2,1,0,0,1,3,0,1,1,0,0,0,0,0,0,0,0,8,1,22,24,3,1
2025/26,Premier League,2026-01-24,Manchester City,Wolves,Phil Foden,Manchester City,MF,FALSE,30,0,0,0,0,0,0,0,0,1,0,0,3,0,0,0,0,0,0,0,0,0,6.6,2,9,10,0,0
2025/26,Premier League,2026-01-24,Manchester City,Wolves,Rayan Cherki,Manchester City,MF,TRUE,72,0,0,0,0,2,0,0,0,2,3,0,0,1,1,0,0,0,0,0,0,0,6.4,1,41,51,3,0
2025/26,Premier League,2026-01-24,Manchester City,Wolves,Rodri,Manchester City,MF,TRUE,90,0,0,0,0,0,0,0,0,2,1,0,0,1,1,0,0,0,0,0,0,0,7.7,1,93,102,1,0
2025/26,Premier League,2026-01-24,Manchester City,Wolves,Tijjani Reijnders,Manchester City,MF,TRUE,60,0,0,0,0,1,0,0,0,1,2,0,1,0,0,0,0,0,0,0,0,0,6.5,0,16,19,2,0
2025/26,Premier League,2026-02-01,Tottenham,Manchester City,Abdukodir Khusanov,Manchester City,DF,TRUE,90,0,0,0,0,0,0,1,0,2,1,0,0,2,0,0,0,0,0,0,0,0,6.7,0,56,58,0,0
2025/26,Premier League,2026-02-01,Tottenham,Manchester City,Antoine Semenyo,Manchester City,FW,TRUE,90,1,0,0,0,2,2,0,0,1,1,1,3,0,0,0,0,0,0,0,0,0,6.8,0,18,23,5,0
2025/26,Premier League,2026-02-01,Tottenham,Manchester City,Bernardo Silva,Manchester City,MF,TRUE,87,0,1,0,0,0,0,0,0,2,1,0,5,1,1,0,0,0,0,0,0,0,7.2,3,75,82,1,0
2025/26,Premier League,2026-02-01,Tottenham,Manchester City,Erling Haaland,Manchester City,FW,TRUE,90,0,1,0,0,2,0,0,0,1,0,1,0,0,0,0,0,0,0,0,0,0,6.6,4,10,16,2,2
2025/26,Premier League,2026-02-01,Tottenham,Manchester City,Gianluigi Donnarumma,Manchester City,GK,TRUE,90,0,0,0,0,0,0,0,0,0,0,0,0,0,0,0,0,0,6,4,0,0,7.1,0,23,27,0,0
2025/26,Premier League,2026-02-01,Tottenham,Manchester City,Marc Guehi,Manchester City,DF,TRUE,90,0,0,0,0,4,0,0,0,0,2,0,1,1,1,0,0,0,0,0,0,0,8.1,0,74,77,0,0
2025/26,Premier League,2026-02-01,Tottenham,Manchester City,Matheus Nunes,Manchester City,DF,TRUE,90,0,0,0,0,0,0,0,0,1,1,0,1,1,0,0,0,0,0,0,0,0,6,1,32,34,2,1
2025/26,Premier League,2026-02-01,Tottenham,Manchester City,Nico O Reilly,Manchester City,DF,TRUE,90,0,0,0,0,1,0,0,0,1,0,0,2,3,0,0,0,0,0,0,0,0,6.6,1,48,51,3,1
2025/26,Premier League,2026-02-01,Tottenham,Manchester City,Nicolas Gonzalez,Manchester City,MF,FALSE,21,0,0,0,0,0,0,1,0,1,0,0,0,1,1,0,0,0,0,0,0,0,7,0,17,20,0,0
2025/26,Premier League,2026-02-01,Tottenham,Manchester City,Phil Foden,Manchester City,MF,FALSE,3,0,0,0,0,0,0,0,0,0,0,0,1,0,0,0,0,0,0,0,0,0,6.5,0,4,5,0,0
2025/26,Premier League,2026-02-01,Tottenham,Manchester City,Rayan Ait-Nouri,Manchester City,DF,TRUE,69,0,0,0,0,1,0,0,0,0,1,0,0,2,0,0,0,0,0,0,0,0,6.3,0,33,35,3,0
2025/26,Premier League,2026-02-01,Tottenham,Manchester City,Rayan Cherki,Manchester City,MF,TRUE,69,1,0,0,0,3,1,0,0,1,2,0,2,0,1,0,0,0,0,0,0,0,8.1,1,29,33,3,2
2025/26,Premier League,2026-02-01,Tottenham,Manchester City,Rodri,Manchester City,MF,TRUE,89,0,0,0,0,0,0,1,0,2,4,0,0,3,0,0,0,0,0,0,0,0,8.4,1,101,113,1,1
2025/26,Premier League,2026-02-01,Tottenham,Manchester City,Tijjani Reijnders,Manchester City,MF,FALSE,21,0,0,0,0,2,0,0,0,0,0,0,2,0,0,0,0,0,0,0,0,0,6.3,1,2,4,1,0
2025/26,Premier League,2026-02-08,Liverpool,Manchester City,Abdukodir Khusanov,Manchester City,DF,TRUE,60,0,0,0,0,1,0,0,0,0,0,0,0,0,2,0,0,0,0,0,0,0,6.5,0,22,24,0,0
2025/26,Premier League,2026-02-08,Liverpool,Manchester City,Antoine Semenyo,Manchester City,FW,TRUE,89,0,0,0,0,3,1,0,0,3,1,1,1,1,0,0,0,0,0,0,0,0,6.1,1,17,25,2,0
2025/26,Premier League,2026-02-08,Liverpool,Manchester City,Bernardo Silva,Manchester City,MF,TRUE,90,1,0,0,0,1,1,1,0,1,0,0,4,0,0,0,0,0,0,0,0,0,7.7,2,48,56,4,1
2025/26,Premier League,2026-02-08,Liverpool,Manchester City,Erling Haaland,Manchester City,FW,TRUE,90,1,1,1,1,3,3,1,0,1,2,0,0,0,0,0,0,0,0,0,0,0,7.5,3,6,8,1,0
2025/26,Premier League,2026-02-08,Liverpool,Manchester City,Gianluigi Donnarumma,Manchester City,GK,TRUE,90,0,0,0,0,0,0,0,0,0,0,0,0,0,0,0,0,0,4,3,0,0,7.2,0,26,40,0,0
2025/26,Premier League,2026-02-08,Liverpool,Manchester City,Marc Guehi,Manchester City,DF,TRUE,90,0,0,0,0,1,1,1,0,1,0,0,1,1,2,0,0,0,0,0,0,0,7.1,0,53,64,0,0
2025/26,Premier League,2026-02-08,Liverpool,Manchester City,Matheus Nunes,Manchester City,DF,TRUE,90,0,0,0,0,0,0,0,0,0,3,0,1,0,0,0,0,0,0,0,0,0,7.5,1,43,47,0,0
2025/26,Premier League,2026-02-08,Liverpool,Manchester City,Nico O Reilly,Manchester City,DF,TRUE,90,0,0,0,0,0,0,0,0,4,2,0,0,3,0,0,0,0,0,0,0,0,6.6,0,25,30,1,1
2025/26,Premier League,2026-02-08,Liverpool,Manchester City,Omar Marmoush,Manchester City,FW,TRUE,60,0,0,0,0,2,0,1,0,3,2,1,1,0,0,0,0,0,0,0,0,0,5.9,3,15,17,1,0
2025/26,Premier League,2026-02-08,Liverpool,Manchester City,Rayan Ait-Nouri,Manchester City,DF,TRUE,90,0,0,0,0,2,1,0,0,1,2,0,1,1,2,0,0,0,0,0,0,0,6.9,1,39,46,2,1
2025/26,Premier League,2026-02-08,Liverpool,Manchester City,Rayan Cherki,Manchester City,MF,FALSE,30,0,0,0,0,1,0,0,0,1,1,0,1,0,0,0,0,0,0,0,0,0,6.6,0,13,15,1,0
2025/26,Premier League,2026-02-08,Liverpool,Manchester City,Rodri,Manchester City,MF,TRUE,90,0,0,0,0,2,0,0,0,1,0,0,1,2,4,0,0,0,0,0,0,0,7,3,69,75,0,0
2025/26,Premier League,2026-02-08,Liverpool,Manchester City,Ruben Dias,Manchester City,DF,FALSE,30,0,0,0,0,1,0,0,0,0,0,0,0,0,0,0,0,0,0,0,0,0,6.6,0,17,18,0,0
2025/26,Premier League,2026-02-11,Manchester City,Fulham,Abdukodir Khusanov,Manchester City,DF,FALSE,31,0,0,0,0,0,0,0,0,0,0,0,0,1,1,0,0,0,0,0,0,0,6.9,0,11,14,0,0
2025/26,Premier League,2026-02-11,Manchester City,Fulham,Antoine Semenyo,Manchester City,FW,TRUE,90,1,1,0,0,1,1,0,0,1,0,0,1,0,0,0,0,0,0,0,0,0,7.9,1,7,9,1,0
2025/26,Premier League,2026-02-11,Manchester City,Fulham,Bernardo Silva,Manchester City,MF,TRUE,59,0,0,0,0,0,0,1,0,1,0,0,2,1,1,0,0,0,0,0,0,0,6.6,2,53,58,1,0
2025/26,Premier League,2026-02-11,Manchester City,Fulham,Erling Haaland,Manchester City,FW,TRUE,45,1,0,0,0,2,1,0,0,0,0,0,0,0,0,0,0,0,0,0,0,0,7.5,0,5,6,0,0
2025/26,Premier League,2026-02-11,Manchester City,Fulham,Gianluigi Donnarumma,Manchester City,GK,TRUE,90,0,0,0,0,0,0,0,0,0,0,0,0,0,0,0,0,0,3,3,0,0,7.1,0,19,26,0,0
2025/26,Premier League,2026-02-11,Manchester City,Fulham,Marc Guehi,Manchester City,DF,TRUE,90,0,0,0,0,0,0,0,0,1,1,0,0,2,1,0,0,0,0,0,0,0,8.6,0,97,100,2,1
2025/26,Premier League,2026-02-11,Manchester City,Fulham,Matheus Nunes,Manchester City,DF,TRUE,59,0,0,0,0,0,0,0,0,0,0,2,2,0,0,0,0,0,0,0,0,0,6.4,1,45,53,3,0
2025/26,Premier League,2026-02-11,Manchester City,Fulham,Nico O Reilly,Manchester City,DF,TRUE,90,1,0,0,0,5,1,0,0,1,2,0,0,0,0,0,0,0,0,0,0,0,7.5,0,36,41,3,1
2025/26,Premier League,2026-02-11,Manchester City,Fulham,Nicolas Gonzalez,Manchester City,MF,FALSE,20,0,0,0,0,0,0,1,0,1,0,0,0,0,1,0,0,0,0,0,0,0,6.7,0,11,12,0,0
2025/26,Premier League,2026-02-11,Manchester City,Fulham,Omar Marmoush,Manchester City,FW,FALSE,45,0,0,0,0,0,0,0,0,0,2,1,0,1,0,0,0,0,0,0,0,0,6.6,1,6,6,1,0
2025/26,Premier League,2026-02-11,Manchester City,Fulham,Phil Foden,Manchester City,MF,TRUE,70,0,1,0,0,4,2,1,0,1,0,0,3,0,0,0,0,0,0,0,0,0,7,2,46,49,4,1
2025/26,Premier League,2026-02-11,Manchester City,Fulham,Rayan Ait-Nouri,Manchester City,DF,TRUE,90,0,0,0,0,0,0,0,0,1,2,0,1,5,2,0,0,0,0,0,0,0,7.5,0,46,49,4,2
2025/26,Premier League,2026-02-11,Manchester City,Fulham,Rayan Cherki,Manchester City,MF,FALSE,20,0,0,0,0,0,0,0,0,0,1,0,0,1,0,0,0,0,0,0,0,0,6.5,0,12,15,1,0
2025/26,Premier League,2026-02-11,Manchester City,Fulham,Rodri,Manchester City,MF,TRUE,70,0,0,0,0,1,0,0,0,0,0,0,0,0,0,0,0,0,0,0,0,0,7.2,0,89,97,0,0
2025/26,Premier League,2026-02-11,Manchester City,Fulham,Ruben Dias,Manchester City,DF,TRUE,90,0,0,0,0,0,0,0,0,0,1,0,0,0,2,0,0,0,0,0,0,0,7.7,0,81,86,0,0
2025/26,Premier League,2026-02-11,Manchester City,Fulham,Tijjani Reijnders,Manchester City,MF,FALSE,31,0,0,0,0,0,0,0,0,1,1,0,0,0,0,0,0,0,0,0,0,0,6.7,0,13,13,0,0
2025/26,Premier League,2026-02-21,Manchester City,Newcastle,Abdukodir Khusanov,Manchester City,DF,FALSE,45,0,0,0,0,0,0,0,0,1,0,0,0,1,0,0,0,0,0,0,0,0,7,0,24,26,0,0
2025/26,Premier League,2026-02-21,Manchester City,Newcastle,Antoine Semenyo,Manchester City,FW,TRUE,86,0,0,0,0,3,1,0,0,0,1,0,1,4,0,0,0,0,0,0,0,0,6.8,2,18,22,3,1
2025/26,Premier League,2026-02-21,Manchester City,Newcastle,Bernardo Silva,Manchester City,MF,TRUE,90,0,0,0,0,0,0,1,0,2,1,0,3,0,0,0,0,0,0,0,0,0,6.9,2,68,78,4,2
2025/26,Premier League,2026-02-21,Manchester City,Newcastle,Erling Haaland,Manchester City,FW,TRUE,90,0,1,0,0,4,1,0,0,1,3,0,1,1,0,0,0,0,0,0,0,0,7.6,1,12,17,5,3
2025/26,Premier League,2026-02-21,Manchester City,Newcastle,Gianluigi Donnarumma,Manchester City,GK,TRUE,90,0,0,0,0,0,0,0,0,0,0,0,0,0,0,0,0,0,7,6,0,0,7.5,0,19,33,0,0
2025/26,Premier League,2026-02-21,Manchester City,Newcastle,Marc Guehi,Manchester City,DF,TRUE,90,0,0,0,0,0,0,0,0,1,1,0,0,1,2,0,0,0,0,0,0,0,6.8,1,50,55,1,1
2025/26,Premier League,2026-02-21,Manchester City,Newcastle,Matheus Nunes,Manchester City,DF,TRUE,90,0,0,0,0,0,0,0,0,0,2,0,2,1,0,0,0,0,0,0,0,0,7.3,0,37,42,0,0
2025/26,Premier League,2026-02-21,Manchester City,Newcastle,Nico O Reilly,Manchester City,DF,TRUE,90,2,0,0,0,2,2,0,0,1,0,0,1,0,0,0,0,0,0,0,0,0,8.7,0,13,20,2,0
2025/26,Premier League,2026-02-21,Manchester City,Newcastle,Omar Marmoush,Manchester City,FW,TRUE,57,0,1,0,0,5,2,0,0,1,0,1,1,1,0,0,0,0,0,0,0,0,6.9,2,9,12,1,0
2025/26,Premier League,2026-02-21,Manchester City,Newcastle,Phil Foden,Manchester City,MF,FALSE,4,0,0,0,0,1,1,0,0,1,0,0,0,0,0,0,0,0,0,0,0,0,6.6,0,2,3,1,1
2025/26,Premier League,2026-02-21,Manchester City,Newcastle,Rayan Ait-Nouri,Manchester City,DF,TRUE,90,0,0,0,0,0,0,0,0,2,1,0,1,2,2,0,0,0,0,0,0,0,6.4,0,30,34,1,0
2025/26,Premier League,2026-02-21,Manchester City,Newcastle,Rayan Cherki,Manchester City,MF,FALSE,33,0,0,0,0,0,0,0,0,1,1,0,0,0,0,0,0,0,0,0,0,0,7.2,2,18,18,5,4
2025/26,Premier League,2026-02-21,Manchester City,Newcastle,Rodri,Manchester City,MF,TRUE,90,0,0,0,0,0,0,0,0,0,3,0,0,4,1,0,0,0,0,0,0,0,8.6,0,67,77,2,2
2025/26,Premier League,2026-02-21,Manchester City,Newcastle,Ruben Dias,Manchester City,DF,TRUE,45,0,0,0,0,0,0,1,0,1,0,0,0,0,0,0,0,0,0,0,0,0,6.4,0,26,30,0,0
2025/26,Premier League,2026-02-28,Leeds United,Manchester City,Antoine Semenyo,Manchester City,FW,TRUE,90,1,0,0,0,2,1,0,0,1,2,4,0,0,0,0,0,0,0,0,0,0,7.5,1,13,16,2,2
2025/26,Premier League,2026-02-28,Leeds United,Manchester City,Bernardo Silva,Manchester City,MF,TRUE,90,0,0,0,0,0,0,0,0,0,0,0,2,0,0,0,0,0,0,0,0,0,6.5,0,78,87,0,0
2025/26,Premier League,2026-02-28,Leeds United,Manchester City,Gianluigi Donnarumma,Manchester City,GK,TRUE,90,0,0,0,0,0,0,1,0,0,0,0,0,0,0,0,0,0,2,2,0,0,7.7,0,21,28,0,0
2025/26,Premier League,2026-02-28,Leeds United,Manchester City,Marc Guehi,Manchester City,DF,TRUE,90,0,0,0,0,1,1,0,0,0,1,0,0,1,0,0,0,0,0,0,0,0,7.9,0,78,82,0,0
2025/26,Premier League,2026-02-28,Leeds United,Manchester City,Matheus Nunes,Manchester City,DF,TRUE,90,0,0,0,0,0,0,0,0,1,0,0,7,1,0,0,0,0,0,0,0,0,7.8,4,55,64,4,3
2025/26,Premier League,2026-02-28,Leeds United,Manchester City,Nico O Reilly,Manchester City,DF,TRUE,69,0,0,0,0,2,2,0,0,0,0,0,1,2,0,0,0,0,0,0,0,0,7.4,0,27,30,2,1
2025/26,Premier League,2026-02-28,Leeds United,Manchester City,Omar Marmoush,Manchester City,FW,TRUE,67,0,0,0,0,4,1,0,0,1,0,0,0,0,0,0,0,0,0,0,0,0,6.4,0,9,10,0,0
2025/26,Premier League,2026-02-28,Leeds United,Manchester City,Rayan Ait-Nouri,Manchester City,DF,TRUE,90,0,1,0,0,1,0,1,0,0,0,0,3,0,0,0,0,0,0,0,0,0,8.1,1,45,54,6,6
2025/26,Premier League,2026-02-28,Leeds United,Manchester City,Rayan Cherki,Manchester City,MF,TRUE,87,0,0,0,0,1,0,0,0,3,2,0,4,0,0,0,0,0,0,0,0,0,6.6,2,75,82,3,1
2025/26,Premier League,2026-02-28,Leeds United,Manchester City,Rodri,Manchester City,MF,TRUE,90,0,0,0,0,2,0,0,0,1,4,0,1,1,0,0,0,0,0,0,0,0,7.9,1,114,124,1,0
2025/26,Premier League,2026-02-28,Leeds United,Manchester City,Ruben Dias,Manchester City,DF,TRUE,90,0,0,0,0,1,0,0,0,0,0,0,3,1,0,0,0,0,0,0,0,0,8.1,2,62,67,3,2
2025/26,Premier League,2026-02-28,Leeds United,Manchester City,Savio,Manchester City,FW,FALSE,23,0,0,0,0,0,0,1,0,1,0,0,0,1,0,0,0,0,0,0,0,0,6.5,0,1,2,0,0
2025/26,Premier League,2026-02-28,Leeds United,Manchester City,Tijjani Reijnders,Manchester City,MF,FALSE,21,0,0,0,0,0,0,0,0,0,1,0,0,0,0,0,0,0,0,0,0,0,7.1,0,6,7,1,1
2025/26,Premier League,2026-03-04,Manchester City,Nottingham,Abdukodir Khusanov,Manchester City,DF,FALSE,14,0,0,0,0,0,0,0,0,0,0,0,0,0,0,0,0,0,0,0,0,0,6.7,0,8,9,1,0
2025/26,Premier League,2026-03-04,Manchester City,Nottingham,Antoine Semenyo,Manchester City,FW,TRUE,90,1,0,0,0,3,1,0,0,1,0,0,2,1,0,0,0,0,0,0,0,0,7.5,1,22,26,2,0
2025/26,Premier League,2026-03-04,Manchester City,Nottingham,Bernardo Silva,Manchester City,MF,TRUE,90,0,0,0,0,5,2,0,0,1,0,0,4,1,0,0,0,0,0,0,0,0,8.4,3,107,112,3,2
2025/26,Premier League,2026-03-04,Manchester City,Nottingham,Erling Haaland,Manchester City,FW,TRUE,90,0,0,0,0,2,0,0,0,1,1,0,0,0,0,0,0,0,0,0,0,0,6,0,5,7,0,0
2025/26,Premier League,2026-03-04,Manchester City,Nottingham,Gianluigi Donnarumma,Manchester City,GK,TRUE,90,0,0,0,0,0,0,0,0,0,0,0,0,0,0,0,0,0,4,2,0,0,6,0,19,19,0,0
2025/26,Premier League,2026-03-04,Manchester City,Nottingham,Jeremy Doku,Manchester City,FW,FALSE,14,0,0,0,0,1,0,0,0,0,2,0,0,1,0,0,0,0,0,0,0,0,7,1,6,7,1,0
2025/26,Premier League,2026-03-04,Manchester City,Nottingham,Marc Guehi,Manchester City,DF,TRUE,90,0,0,0,0,1,0,0,0,1,0,0,1,0,1,0,0,0,0,0,0,0,6.9,0,84,91,1,1
2025/26,Premier League,2026-03-04,Manchester City,Nottingham,Matheus Nunes,Manchester City,DF,TRUE,90,0,0,0,0,0,0,0,0,1,0,0,8,2,0,0,0,0,0,0,0,0,6.2,2,70,79,6,3
2025/26,Premier League,2026-03-04,Manchester City,Nottingham,Phil Foden,Manchester City,MF,TRUE,76,0,0,0,0,2,1,0,0,0,1,0,0,0,1,0,0,0,0,0,0,0,6.9,2,55,63,1,1
2025/26,Premier League,2026-03-04,Manchester City,Nottingham,Rayan Ait-Nouri,Manchester City,DF,TRUE,76,0,1,0,0,0,0,0,0,3,1,0,1,0,1,0,0,0,0,0,0,0,7.2,2,76,77,5,4
2025/26,Premier League,2026-03-04,Manchester City,Nottingham,Rayan Cherki,Manchester City,MF,TRUE,81,0,1,0,0,2,0,0,0,1,0,1,2,1,0,0,0,0,0,0,0,0,8.2,3,78,86,4,3
2025/26,Premier League,2026-03-04,Manchester City,Nottingham,Rodri,Manchester City,MF,TRUE,90,1,0,0,0,3,1,0,0,1,1,0,1,0,0,0,0,0,0,0,0,0,8.1,2,100,106,0,0
2025/26,Premier League,2026-03-04,Manchester City,Nottingham,Ruben Dias,Manchester City,DF,TRUE,90,0,0,0,0,0,0,0,0,0,0,0,1,0,2,0,0,0,0,0,0,0,7.1,1,81,88,1,0
2025/26,Premier League,2026-03-04,Manchester City,Nottingham,Savio,Manchester City,FW,FALSE,9,0,0,0,0,2,2,0,0,0,0,0,4,0,0,0,0,0,0,0,0,0,6.8,0,3,4,2,0
2025/26,Premier League,2026-03-14,West Ham,Manchester City,Abdukodir Khusanov,Manchester City,DF,TRUE,90,0,0,0,0,1,0,0,0,0,0,0,0,0,1,0,0,0,0,0,0,0,6.7,1,82,90,2,2
2025/26,Premier League,2026-03-14,West Ham,Manchester City,Antoine Semenyo,Manchester City,FW,TRUE,74,0,0,0,0,1,0,0,0,2,0,0,0,0,0,0,0,0,0,0,0,0,6.1,0,29,32,2,1
2025/26,Premier League,2026-03-14,West Ham,Manchester City,Bernardo Silva,Manchester City,MF,TRUE,74,1,0,0,0,2,1,1,0,1,0,0,5,0,0,0,0,0,0,0,0,0,7.8,3,75,80,0,0
2025/26,Premier League,2026-03-14,West Ham,Manchester City,Erling Haaland,Manchester City,FW,TRUE,90,0,0,0,0,4,1,0,0,0,1,0,1,0,0,0,0,0,0,0,0,0,6.5,1,8,10,0,0
2025/26,Premier League,2026-03-14,West Ham,Manchester City,Gianluigi Donnarumma,Manchester City,GK,TRUE,90,0,0,0,0,0,0,0,0,0,0,0,0,0,0,0,0,0,1,0,0,0,6.6,0,20,20,0,0
2025/26,Premier League,2026-03-14,West Ham,Manchester City,Jeremy Doku,Manchester City,FW,FALSE,31,0,0,0,0,1,0,0,0,0,2,0,3,0,0,0,0,0,0,0,0,0,7,2,13,15,3,1
2025/26,Premier League,2026-03-14,West Ham,Manchester City,Marc Guehi,Manchester City,DF,TRUE,90,0,0,0,0,3,0,0,0,0,2,0,0,0,5,0,0,0,0,0,0,0,7.1,2,79,84,0,0
2025/26,Premier League,2026-03-14,West Ham,Manchester City,Matheus Nunes,Manchester City,DF,TRUE,90,0,0,0,0,2,1,0,0,0,2,0,4,0,0,0,0,0,0,0,0,0,6.7,0,73,77,1,0
2025/26,Premier League,2026-03-14,West Ham,Manchester City,Nico O Reilly,Manchester City,DF,TRUE,90,0,0,0,0,4,1,0,0,1,0,0,2,0,2,0,0,0,0,0,0,0,6.2,1,59,68,4,2
2025/26,Premier League,2026-03-14,West Ham,Manchester City,Omar Marmoush,Manchester City,FW,TRUE,59,0,1,0,0,2,0,1,0,1,4,2,6,1,0,0,0,0,0,0,0,0,6.7,1,13,16,1,1
2025/26,Premier League,2026-03-14,West Ham,Manchester City,Phil Foden,Manchester City,MF,FALSE,16,0,0,0,0,0,0,0,0,0,0,0,1,0,0,0,0,0,0,0,0,0,6.6,0,11,12,1,0
2025/26,Premier League,2026-03-14,West Ham,Manchester City,Rayan Ait-Nouri,Manchester City,DF,TRUE,59,0,0,0,0,1,0,0,0,0,0,0,2,3,1,0,0,0,0,0,0,0,7.2,1,56,63,6,4
2025/26,Premier League,2026-03-14,West Ham,Manchester City,Rayan Cherki,Manchester City,MF,FALSE,31,0,0,0,0,2,1,0,0,0,1,0,4,1,0,0,0,0,0,0,0,0,7.1,2,20,22,1,1
2025/26,Premier League,2026-03-14,West Ham,Manchester City,Rodri,Manchester City,MF,TRUE,90,0,0,0,0,0,0,0,0,0,1,0,1,1,1,0,0,0,0,0,0,0,7,3,116,134,3,0
2025/26,Premier League,2026-03-14,West Ham,Manchester City,Tijjani Reijnders,Manchester City,MF,FALSE,16,0,0,0,0,1,1,0,0,0,0,0,4,0,2,0,0,0,0,0,0,0,6.8,1,19,20,1,0
2025/26,Premier League,2026-04-12,Chelsea,Manchester City,Abdukodir Khusanov,Manchester City,DF,TRUE,90,0,0,0,0,1,0,0,0,3,0,0,0,0,1,0,0,0,0,0,0,0,7.7,2,72,77,0,0
2025/26,Premier League,2026-04-12,Chelsea,Manchester City,Antoine Semenyo,Manchester City,FW,TRUE,90,0,0,0,0,5,2,1,0,1,2,0,0,0,0,0,0,0,0,0,0,0,6.7,1,29,33,8,5
2025/26,Premier League,2026-04-12,Chelsea,Manchester City,Bernardo Silva,Manchester City,MF,TRUE,80,0,0,0,0,2,1,0,0,0,0,0,2,2,1,0,0,0,0,0,0,0,6.6,0,62,73,1,0
2025/26,Premier League,2026-04-12,Chelsea,Manchester City,Erling Haaland,Manchester City,FW,TRUE,90,0,0,0,0,4,1,0,0,1,0,0,0,1,1,0,0,0,0,0,0,0,6.3,0,5,10,1,0
2025/26,Premier League,2026-04-12,Chelsea,Manchester City,Gianluigi Donnarumma,Manchester City,GK,TRUE,90,0,0,0,0,0,0,0,0,0,0,0,0,0,0,0,0,0,3,3,0,0,7.9,0,24,26,0,0
2025/26,Premier League,2026-04-12,Chelsea,Manchester City,Jeremy Doku,Manchester City,FW,TRUE,75,1,0,0,0,2,1,0,0,2,1,0,4,0,0,0,0,0,0,0,0,0,7.9,1,34,38,6,2
2025/26,Premier League,2026-04-12,Chelsea,Manchester City,Marc Guehi,Manchester City,DF,TRUE,90,1,0,0,0,1,1,0,0,0,2,0,1,2,3,0,0,0,0,0,0,0,9.2,1,101,102,0,0
2025/26,Premier League,2026-04-12,Chelsea,Manchester City,Matheus Nunes,Manchester City,DF,TRUE,90,0,0,0,0,0,0,0,0,0,2,0,3,0,2,0,0,0,0,0,0,0,7.4,3,65,69,0,0
2025/26,Premier League,2026-04-12,Chelsea,Manchester City,Nico O Reilly,Manchester City,DF,TRUE,63,1,0,0,0,1,1,0,0,2,0,0,1,2,0,0,0,0,0,0,0,0,8.1,2,41,44,1,0
2025/26,Premier League,2026-04-12,Chelsea,Manchester City,Phil Foden,Manchester City,MF,FALSE,15,0,0,0,0,0,0,0,0,0,1,0,2,1,0,0,0,0,0,0,0,0,6.7,2,10,12,2,0
2025/26,Premier League,2026-04-12,Chelsea,Manchester City,Rayan Ait-Nouri,Manchester City,DF,FALSE,27,0,0,0,0,0,0,0,0,2,0,0,4,0,0,0,0,0,0,0,0,0,6.6,0,15,18,2,1
2025/26,Premier League,2026-04-12,Chelsea,Manchester City,Rayan Cherki,Manchester City,MF,TRUE,75,0,2,0,0,2,1,0,0,0,0,0,5,0,0,0,0,0,0,0,0,0,7.9,2,53,59,4,3
2025/26,Premier League,2026-04-12,Chelsea,Manchester City,Rodri,Manchester City,MF,TRUE,90,0,0,0,0,0,0,0,0,3,0,0,0,0,0,0,0,0,0,0,0,0,6.6,0,95,102,0,0
2025/26,Premier League,2026-04-12,Chelsea,Manchester City,Savio,Manchester City,FW,FALSE,15,0,0,0,0,0,0,0,0,0,0,0,2,0,0,0,0,0,0,0,0,0,6.6,0,5,6,0,0
2025/26,Premier League,2026-04-19,Manchester City,Arsenal,Abdukodir Khusanov,Manchester City,DF,TRUE,90,0,0,0,0,1,1,0,0,0,0,0,2,1,3,0,0,0,0,0,0,0,6.9,2,34,42,0,0
2025/26,Premier League,2026-04-19,Manchester City,Arsenal,Antoine Semenyo,Manchester City,FW,TRUE,89,0,0,0,0,1,0,0,0,0,0,0,3,1,1,0,0,0,0,0,0,0,6.1,0,10,16,4,1
2025/26,Premier League,2026-04-19,Manchester City,Arsenal,Bernardo Silva,Manchester City,MF,TRUE,90,0,0,0,0,1,0,0,0,1,1,0,4,2,0,0,0,0,0,0,0,0,6.5,1,53,59,2,1
2025/26,Premier League,2026-04-19,Manchester City,Arsenal,Erling Haaland,Manchester City,FW,TRUE,90,1,0,0,0,5,1,1,0,0,1,0,0,0,0,0,0,0,0,0,0,0,7.4,1,8,15,0,0
2025/26,Premier League,2026-04-19,Manchester City,Arsenal,Gianluigi Donnarumma,Manchester City,GK,TRUE,90,0,0,0,0,0,0,0,0,0,0,0,0,0,0,0,0,0,2,1,0,0,6.1,0,34,44,0,0
2025/26,Premier League,2026-04-19,Manchester City,Arsenal,Jeremy Doku,Manchester City,FW,TRUE,87,0,0,0,0,2,1,0,0,1,6,0,0,1,0,0,0,0,0,0,0,0,7.4,1,34,42,7,3
2025/26,Premier League,2026-04-19,Manchester City,Arsenal,Marc Guehi,Manchester City,DF,TRUE,90,0,0,0,0,1,1,1,0,1,1,0,0,0,2,0,0,0,0,0,0,0,6.6,0,65,71,0,0
2025/26,Premier League,2026-04-19,Manchester City,Arsenal,Matheus Nunes,Manchester City,DF,TRUE,90,0,1,0,0,0,0,0,0,1,0,0,2,2,0,0,0,0,0,0,0,0,7.1,1,30,33,2,0
2025/26,Premier League,2026-04-19,Manchester City,Arsenal,Nico O Reilly,Manchester City,DF,TRUE,90,0,0,0,0,0,0,0,0,1,1,0,0,1,2,0,0,0,0,0,0,0,8.2,1,36,46,2,1
2025/26,Premier League,2026-04-19,Manchester City,Arsenal,Nicolas Gonzalez,Manchester City,MF,FALSE,3,0,0,0,0,0,0,0,0,0,0,0,0,0,0,0,0,0,0,0,0,0,6.6,0,2,3,0,0
2025/26,Premier League,2026-04-19,Manchester City,Arsenal,Phil Foden,Manchester City,MF,FALSE,6,0,0,0,0,0,0,0,0,0,0,0,0,0,0,0,0,0,0,0,0,0,6.6,0,3,3,0,0
2025/26,Premier League,2026-04-19,Manchester City,Arsenal,Rayan Cherki,Manchester City,MF,TRUE,84,1,0,0,0,3,1,0,0,0,0,0,5,0,0,0,0,0,0,0,0,0,8.3,2,40,48,3,3
2025/26,Premier League,2026-04-19,Manchester City,Arsenal,Rodri,Manchester City,MF,TRUE,87,0,0,0,0,1,0,0,0,0,1,0,0,1,0,0,0,0,0,0,0,0,7.7,0,69,74,0,0
2025/26,Premier League,2026-04-19,Manchester City,Arsenal,Savio,Manchester City,FW,FALSE,3,0,0,0,0,0,0,0,0,0,0,0,0,0,0,0,0,0,0,0,0,0,6.5,0,1,2,0,0
2025/26,Premier League,2026-04-22,Burnley,Manchester City,Abdukodir Khusanov,Manchester City,DF,TRUE,90,0,0,0,0,0,0,0,0,1,0,0,0,1,3,0,0,0,0,0,0,0,7.7,0,75,81,1,1
2025/26,Premier League,2026-04-22,Burnley,Manchester City,Antoine Semenyo,Manchester City,FW,TRUE,64,0,0,0,0,2,0,0,0,0,0,0,0,1,1,0,0,0,0,0,0,0,6.4,1,34,35,4,1
2025/26,Premier League,2026-04-22,Burnley,Manchester City,Bernardo Silva,Manchester City,MF,TRUE,90,0,0,0,0,3,0,0,0,0,1,0,1,2,1,0,0,0,0,0,0,0,7.1,7,85,99,5,3
2025/26,Premier League,2026-04-22,Burnley,Manchester City,Erling Haaland,Manchester City,FW,TRUE,90,1,0,0,0,5,2,0,0,2,0,1,0,0,0,0,0,0,0,0,0,0,7.6,0,8,12,3,2
2025/26,Premier League,2026-04-22,Burnley,Manchester City,Gianluigi Donnarumma,Manchester City,GK,TRUE,90,0,0,0,0,0,0,0,0,0,0,0,0,0,0,0,0,0,1,1,0,0,7.3,0,18,20,0,0
2025/26,Premier League,2026-04-22,Burnley,Manchester City,Jeremy Doku,Manchester City,FW,TRUE,90,0,1,0,0,2,0,0,0,2,2,0,1,1,1,0,0,0,0,0,0,0,6.7,2,39,50,2,1
2025/26,Premier League,2026-04-22,Burnley,Manchester City,Marc Guehi,Manchester City,DF,TRUE,90,0,0,0,0,0,0,0,0,1,2,0,1,0,5,0,0,0,0,0,0,0,7.1,1,80,85,0,0
2025/26,Premier League,2026-04-22,Burnley,Manchester City,Matheus Nunes,Manchester City,DF,TRUE,90,0,0,0,0,0,0,0,0,0,0,0,2,1,0,0,0,0,0,0,0,0,7.1,1,84,91,2,0
2025/26,Premier League,2026-04-22,Burnley,Manchester City,Nico O Reilly,Manchester City,DF,TRUE,90,0,0,0,0,4,3,0,0,4,2,0,0,0,1,0,0,0,0,0,0,0,7,0,48,55,1,0
2025/26,Premier League,2026-04-22,Burnley,Manchester City,Nicolas Gonzalez,Manchester City,MF,FALSE,26,0,0,0,0,1,0,0,0,0,1,0,0,2,1,0,0,0,0,0,0,0,6.8,1,28,30,0,0
2025/26,Premier League,2026-04-22,Burnley,Manchester City,Rayan Ait-Nouri,Manchester City,DF,TRUE,64,0,0,0,0,2,1,0,0,0,1,0,3,1,0,0,0,0,0,0,0,0,6.8,2,40,41,0,0
2025/26,Premier League,2026-04-22,Burnley,Manchester City,Rayan Cherki,Manchester City,MF,TRUE,90,0,0,0,0,8,2,0,0,2,1,0,2,0,0,0,0,0,0,0,0,0,7.7,8,71,79,4,2
2025/26,Premier League,2026-04-22,Burnley,Manchester City,Savio,Manchester City,FW,FALSE,26,0,0,0,0,1,1,0,0,0,0,0,2,1,0,0,0,0,0,0,0,0,6.7,0,10,11,5,1
2025/26,Premier League,2026-05-04,Everton,Manchester City,Abdukodir Khusanov,Manchester City,DF,TRUE,90,0,0,0,0,1,0,0,0,0,1,0,0,2,0,0,0,0,0,0,0,0,6.6,0,60,64,2,2
2025/26,Premier League,2026-05-04,Everton,Manchester City,Antoine Semenyo,Manchester City,FW,TRUE,73,0,0,0,0,2,0,0,0,0,0,0,0,1,0,0,0,0,0,0,0,0,6.6,1,22,23,7,4
2025/26,Premier League,2026-05-04,Everton,Manchester City,Bernardo Silva,Manchester City,MF,TRUE,86,0,0,0,0,1,0,0,0,0,0,0,7,1,0,0,0,0,0,0,0,0,6.9,2,78,85,0,0
2025/26,Premier League,2026-05-04,Everton,Manchester City,Erling Haaland,Manchester City,FW,TRUE,90,1,0,0,0,3,1,0,0,1,1,0,0,0,0,0,0,0,0,0,0,0,7.5,0,14,20,0,0
2025/26,Premier League,2026-05-04,Everton,Manchester City,Gianluigi Donnarumma,Manchester City,GK,TRUE,90,0,0,0,0,0,0,1,0,0,0,0,0,0,0,0,0,0,6,3,0,0,6.7,0,10,12,0,0
2025/26,Premier League,2026-05-04,Everton,Manchester City,Jeremy Doku,Manchester City,FW,TRUE,90,2,0,0,0,3,2,0,0,0,7,0,5,2,1,0,0,0,0,0,0,0,9.8,4,42,48,7,5
2025/26,Premier League,2026-05-04,Everton,Manchester City,Marc Guehi,Manchester City,DF,TRUE,90,0,1,0,0,1,0,0,0,0,1,0,1,1,0,0,0,0,0,0,0,0,6.7,2,91,99,1,1
2025/26,Premier League,2026-05-04,Everton,Manchester City,Matheus Nunes,Manchester City,DF,TRUE,90,0,0,0,0,0,0,0,0,1,0,0,3,3,1,0,0,0,0,0,0,0,6.2,0,65,76,1,0
2025/26,Premier League,2026-05-04,Everton,Manchester City,Nico O Reilly,Manchester City,DF,TRUE,90,0,0,0,0,3,0,0,0,2,2,0,2,1,0,0,0,0,0,0,0,0,6,1,39,46,3,1
2025/26,Premier League,2026-05-04,Everton,Manchester City,Nicolas Gonzalez,Manchester City,MF,TRUE,74,0,0,0,0,0,0,0,0,1,0,0,0,1,0,0,0,0,0,0,0,0,6.4,1,57,59,1,1
2025/26,Premier League,2026-05-04,Everton,Manchester City,Omar Marmoush,Manchester City,FW,FALSE,4,0,0,0,0,1,0,0,0,0,0,0,0,0,0,0,0,0,0,0,0,0,6.4,0,2,2,1,0
2025/26,Premier League,2026-05-04,Everton,Manchester City,Phil Foden,Manchester City,MF,FALSE,17,0,0,0,0,1,0,0,0,0,1,0,2,0,0,0,0,0,0,0,0,0,6.5,0,9,10,1,0
2025/26,Premier League,2026-05-04,Everton,Manchester City,Rayan Cherki,Manchester City,MF,TRUE,90,0,1,0,0,4,1,0,0,0,2,0,3,1,0,0,0,0,0,0,0,0,6.4,2,61,66,9,2
2025/26,Premier League,2026-05-09,Manchester City,Brentford,Antoine Semenyo,Manchester City,FW,TRUE,90,0,0,0,0,2,0,0,0,2,0,0,5,0,1,0,0,0,0,0,0,0,8.2,1,29,33,9,7
2025/26,Premier League,2026-05-09,Manchester City,Brentford,Bernardo Silva,Manchester City,MF,TRUE,90,0,0,0,0,2,0,1,0,0,1,0,1,4,1,0,0,0,0,0,0,0,7.3,1,73,78,1,1
2025/26,Premier League,2026-05-09,Manchester City,Brentford,Erling Haaland,Manchester City,FW,TRUE,90,1,1,0,0,5,4,0,0,0,0,0,0,0,0,0,0,0,0,0,0,0,6.9,2,4,7,0,0
2025/26,Premier League,2026-05-09,Manchester City,Brentford,Gianluigi Donnarumma,Manchester City,GK,TRUE,90,0,0,0,0,0,0,0,0,0,0,0,0,0,0,0,0,0,2,2,0,0,7.2,0,18,19,0,0
2025/26,Premier League,2026-05-09,Manchester City,Brentford,Jeremy Doku,Manchester City,FW,TRUE,89,1,0,0,0,4,2,0,0,1,3,0,3,1,1,0,0,0,0,0,0,0,10,6,43,56,11,8
2025/26,Premier League,2026-05-09,Manchester City,Brentford,Marc Guehi,Manchester City,DF,TRUE,90,0,0,0,0,0,0,0,0,0,3,0,0,1,0,0,0,0,0,0,0,0,7.7,0,41,47,1,1
2025/26,Premier League,2026-05-09,Manchester City,Brentford,Matheus Nunes,Manchester City,DF,TRUE,90,0,0,0,0,0,0,1,0,2,2,0,1,0,1,0,0,0,0,0,0,0,7.3,2,52,59,2,1
2025/26,Premier League,2026-05-09,Manchester City,Brentford,Nathan Ake,Manchester City,DF,TRUE,90,0,0,0,0,2,1,0,0,0,2,0,0,0,1,0,0,0,0,0,0,0,6.9,1,51,60,0,0
2025/26,Premier League,2026-05-09,Manchester City,Brentford,Nico O Reilly,Manchester City,DF,TRUE,90,0,0,0,0,0,0,1,0,2,0,0,2,0,0,0,0,0,0,0,0,0,6.5,1,35,42,2,1
2025/26,Premier League,2026-05-09,Manchester City,Brentford,Omar Marmoush,Manchester City,FW,FALSE,31,1,0,0,0,1,1,1,0,0,1,0,0,1,0,0,0,0,0,0,0,0,7.7,1,2,2,1,1
2025/26,Premier League,2026-05-09,Manchester City,Brentford,Phil Foden,Manchester City,MF,FALSE,31,0,0,0,0,2,2,0,0,0,2,0,4,1,0,0,0,0,0,0,0,0,6.7,0,11,12,0,0
2025/26,Premier League,2026-05-09,Manchester City,Brentford,Rayan Cherki,Manchester City,MF,TRUE,59,0,0,0,0,3,0,0,0,1,0,0,2,0,0,0,0,0,0,0,0,0,6.5,2,23,30,2,1
2025/26,Premier League,2026-05-09,Manchester City,Brentford,Tijjani Reijnders,Manchester City,MF,TRUE,59,0,0,0,0,4,0,0,0,0,0,0,1,0,0,0,0,0,0,0,0,0,6.9,0,25,27,0,0
2025/26,Premier League,2026-05-13,Manchester City,Crystal Palace,Abdukodir Khusanov,Manchester City,DF,TRUE,90,0,0,0,0,1,0,0,0,1,0,0,1,0,2,0,0,0,0,0,0,0,7.3,0,94,102,0,0
2025/26,Premier League,2026-05-13,Manchester City,Crystal Palace,Antoine Semenyo,Manchester City,FW,TRUE,90,1,0,0,0,1,1,0,0,1,0,0,1,0,0,0,0,0,0,0,0,0,6.8,0,16,19,0,0
2025/26,Premier League,2026-05-13,Manchester City,Crystal Palace,Bernardo Silva,Manchester City,MF,TRUE,78,0,0,0,0,2,0,0,0,0,0,0,2,0,2,0,0,0,0,0,0,0,6.8,1,41,47,0,0
2025/26,Premier League,2026-05-13,Manchester City,Crystal Palace,Gianluigi Donnarumma,Manchester City,GK,TRUE,90,0,0,0,0,0,0,0,0,0,0,0,0,0,0,0,0,0,2,2,0,0,7.3,0,18,22,0,0
2025/26,Premier League,2026-05-13,Manchester City,Crystal Palace,Jeremy Doku,Manchester City,FW,FALSE,33,0,0,0,0,1,0,0,0,0,0,0,0,0,0,0,0,0,0,0,0,0,6.5,1,16,18,1,0
2025/26,Premier League,2026-05-13,Manchester City,Crystal Palace,Josko Gvardiol,Manchester City,DF,TRUE,57,0,0,0,0,1,1,0,0,0,0,0,0,0,2,0,0,0,0,0,0,0,6.9,0,28,35,0,0
2025/26,Premier League,2026-05-13,Manchester City,Crystal Palace,Marc Guehi,Manchester City,DF,TRUE,90,0,0,0,0,2,0,0,0,3,2,0,1,1,0,0,0,0,0,0,0,0,7.9,0,124,131,0,0
2025/26,Premier League,2026-05-13,Manchester City,Crystal Palace,Matheus Nunes,Manchester City,DF,TRUE,57,0,0,0,0,0,0,0,0,0,0,0,3,0,0,0,0,0,0,0,0,0,6.9,1,52,62,0,0
2025/26,Premier League,2026-05-13,Manchester City,Crystal Palace,Nathan Ake,Manchester City,DF,FALSE,33,0,0,0,0,0,0,0,0,0,0,0,0,0,0,0,0,0,0,0,0,0,6.8,0,26,29,0,0
2025/26,Premier League,2026-05-13,Manchester City,Crystal Palace,Omar Marmoush,Manchester City,FW,TRUE,78,1,0,0,0,3,1,0,0,0,0,0,0,0,0,0,0,0,0,0,0,0,7.3,0,10,12,4,2
2025/26,Premier League,2026-05-13,Manchester City,Crystal Palace,Phil Foden,Manchester City,MF,TRUE,81,0,2,0,0,1,0,0,0,1,1,0,4,2,1,0,0,0,0,0,0,0,9,5,55,60,0,0
2025/26,Premier League,2026-05-13,Manchester City,Crystal Palace,Rayan Ait-Nouri,Manchester City,DF,TRUE,90,0,0,0,0,1,0,0,0,4,1,0,3,0,0,0,0,0,0,0,0,0,6.7,2,51,56,3,2
2025/26,Premier League,2026-05-13,Manchester City,Crystal Palace,Rayan Cherki,Manchester City,MF,FALSE,12,0,1,0,0,0,0,0,0,0,1,0,0,0,0,0,0,0,0,0,0,0,7.8,2,14,16,3,2
2025/26,Premier League,2026-05-13,Manchester City,Crystal Palace,Savio,Manchester City,FW,TRUE,90,1,0,0,0,2,1,0,0,0,0,0,3,1,0,0,0,0,0,0,0,0,7.7,0,41,52,15,5
2025/26,Premier League,2026-05-19,Bournemouth,Manchester City,Abdukodir Khusanov,Manchester City,DF,TRUE,90,0,0,0,0,1,0,0,0,1,0,0,0,1,1,0,0,0,0,0,0,0,6.7,0,74,82,0,0
2025/26,Premier League,2026-05-19,Bournemouth,Manchester City,Antoine Semenyo,Manchester City,FW,TRUE,55,0,0,0,0,1,1,0,0,1,0,1,0,0,0,0,0,0,0,0,0,0,6.4,1,16,21,4,3
2025/26,Premier League,2026-05-19,Bournemouth,Manchester City,Bernardo Silva,Manchester City,MF,TRUE,55,0,0,0,0,1,0,0,0,0,0,0,4,0,0,0,0,0,0,0,0,0,6.6,1,21,26,0,0
2025/26,Premier League,2026-05-19,Bournemouth,Manchester City,Erling Haaland,Manchester City,FW,TRUE,90,1,0,0,0,2,1,0,0,1,0,1,0,0,0,0,0,0,0,0,0,0,7,1,12,15,2,2
2025/26,Premier League,2026-05-19,Bournemouth,Manchester City,Gianluigi Donnarumma,Manchester City,GK,TRUE,90,0,0,0,0,0,0,1,0,0,1,0,0,0,0,0,0,0,3,2,0,0,6.9,0,18,22,0,0
2025/26,Premier League,2026-05-19,Bournemouth,Manchester City,Jeremy Doku,Manchester City,FW,TRUE,75,0,0,0,0,1,1,0,0,0,2,0,2,0,0,0,0,0,0,0,0,0,6.8,2,17,22,4,1
2025/26,Premier League,2026-05-19,Bournemouth,Manchester City,Marc Guehi,Manchester City,DF,TRUE,90,0,0,0,0,0,0,0,0,2,2,0,0,1,1,0,0,0,0,0,0,0,6.6,0,47,52,0,0
2025/26,Premier League,2026-05-19,Bournemouth,Manchester City,Matheus Nunes,Manchester City,DF,TRUE,90,0,0,0,0,0,0,0,0,0,1,0,1,0,1,0,0,0,0,0,0,0,6.9,0,52,56,6,4
2025/26,Premier League,2026-05-19,Bournemouth,Manchester City,Nico O Reilly,Manchester City,DF,TRUE,90,0,0,0,0,2,1,0,0,1,0,0,1,0,0,0,0,0,0,0,0,0,6.4,0,39,48,1,1
2025/26,Premier League,2026-05-19,Bournemouth,Manchester City,Omar Marmoush,Manchester City,FW,FALSE,15,0,0,0,0,1,0,0,0,0,2,0,0,0,0,0,0,0,0,0,0,0,6.7,0,1,1,0,0
2025/26,Premier League,2026-05-19,Bournemouth,Manchester City,Phil Foden,Manchester City,MF,FALSE,35,0,0,0,0,0,0,0,0,0,0,0,0,0,0,0,0,0,0,0,0,0,6.8,0,14,16,2,2
2025/26,Premier League,2026-05-19,Bournemouth,Manchester City,Rayan Cherki,Manchester City,MF,FALSE,35,0,0,0,0,1,0,0,0,0,0,0,5,0,0,0,0,0,0,0,0,0,6.7,0,10,11,1,0
2025/26,Premier League,2026-05-19,Bournemouth,Manchester City,Rodri,Manchester City,MF,TRUE,90,0,0,0,0,4,1,1,0,1,4,0,1,2,1,0,0,0,0,0,0,0,7.6,2,77,88,2,1
2025/26,Premier League,2026-05-19,Bournemouth,Manchester City,Savio,Manchester City,FW,FALSE,35,0,0,0,0,0,0,0,0,0,3,0,3,0,0,0,0,0,0,0,0,0,7.3,1,6,9,2,2
2025/26,Premier League,2026-05-24,Manchester City,Aston Villa,Antoine Semenyo,Manchester City,FW,TRUE,57,1,0,0,0,1,1,0,0,0,0,0,1,0,1,0,0,0,0,0,0,0,7.4,1,21,22,5,0
2025/26,Premier League,2026-05-24,Manchester City,Aston Villa,Bernardo Silva,Manchester City,MF,TRUE,58,0,0,0,0,1,1,0,0,1,0,0,0,3,1,0,0,0,0,0,0,0,6.9,0,24,26,0,0
2025/26,Premier League,2026-05-24,Manchester City,Aston Villa,Jeremy Doku,Manchester City,FW,FALSE,14,0,0,0,0,2,0,0,0,0,0,0,1,0,0,0,0,0,0,0,0,0,6.7,0,3,6,1,1
2025/26,Premier League,2026-05-24,Manchester City,Aston Villa,Josko Gvardiol,Manchester City,DF,FALSE,13,0,0,0,0,0,0,0,0,0,0,0,0,0,0,0,0,0,0,0,0,0,6.7,0,14,15,0,0
2025/26,Premier League,2026-05-24,Manchester City,Aston Villa,Nathan Ake,Manchester City,DF,TRUE,76,0,0,0,0,1,0,0,0,1,0,0,0,0,0,0,0,0,0,0,0,0,6.6,0,29,33,0,0
2025/26,Premier League,2026-05-24,Manchester City,Aston Villa,Nicolas Gonzalez,Manchester City,MF,TRUE,90,0,0,0,0,1,0,0,0,1,0,0,1,1,1,0,0,0,0,0,0,0,7.5,1,68,72,0,0
2025/26,Premier League,2026-05-24,Manchester City,Aston Villa,Phil Foden,Manchester City,MF,TRUE,90,0,0,0,0,0,0,0,0,0,0,1,4,0,0,0,0,0,0,0,0,0,6.4,3,41,48,3,1
2025/26,Premier League,2026-05-24,Manchester City,Aston Villa,Rayan Ait-Nouri,Manchester City,DF,FALSE,14,0,0,0,0,0,0,0,0,0,0,0,0,1,0,0,0,0,0,0,0,0,7,0,3,3,1,0
2025/26,Premier League,2026-05-24,Manchester City,Aston Villa,Rayan Cherki,Manchester City,MF,FALSE,33,0,0,0,0,1,0,0,0,1,0,0,0,0,0,0,0,0,0,0,0,0,6.5,0,16,20,2,1
2025/26,Premier League,2026-05-24,Manchester City,Aston Villa,Ruben Dias,Manchester City,DF,TRUE,90,0,0,0,0,0,0,0,0,1,0,0,0,0,1,0,0,0,0,0,0,0,6.6,1,59,64,0,0
2025/26,Premier League,2026-05-24,Manchester City,Aston Villa,Savio,Manchester City,FW,TRUE,90,0,0,0,0,3,0,0,0,1,2,0,2,0,0,0,0,0,0,0,0,0,6.7,2,25,29,6,1
2025/26,Premier League,2026-05-24,Manchester City,Aston Villa,Tijjani Reijnders,Manchester City,MF,TRUE,76,0,0,0,0,4,1,0,0,1,0,0,5,0,0,0,0,0,0,0,0,0,6.5,0,26,28,3,1
